Workbook
Name SlicerCache_Table_2_Col_1: #N/A
Name SlicerCache_Table_2_Col_2: #N/A
Name SlicerCache_Table_2_Col_3: #N/A
Name SlicerCache_Table_2_Col_4: #N/A
Name SlicerCache_Table_2_Col_5: #N/A
Name SlicerCache_Table_4_Col_1: #N/A
Name SlicerCache_Table_4_Col_3: #N/A
Name SlicerCache_Table_6_Col_1: #N/A
Name SlicerCache_Table_6_Col_3: #N/A
Name SlicerCache_Table_8_Col_1: #N/A
Name SlicerCache_Table_8_Col_3: #N/A
Name SlicerCache_Table_9_Col_1: #N/A
Name SlicerCache_Table_9_Col_2: #N/A
Name SlicerCache_Table_9_Col_3: #N/A
Name SlicerCache_Table_11_Col_1: #N/A
Name SlicerCache_Table_11_Col_2: #N/A
Name SlicerCache_Table_11_Col_3: #N/A
Name SlicerCache_Table_11_Col_4: #N/A
Name SlicerCache_Table_11_Col_5: #N/A
Name 切片器_变动情况: #REF!
Name 切片器_单位: #REF!
Name 切片器_单位5: #REF!
Name 切片器_评审阶段: #REF!
Name 切片器_评审阶段3: #REF!
Name 切片器_设计阶段: #REF!
Name 切片器_设计阶段1: #REF!
Name 切片器_设计阶段10: #REF!
Name 切片器_设计阶段2: #REF!
Name 切片器_设计阶段3: #REF!
Name 切片器_设计阶段4: #REF!
Name 切片器_设计阶段5: #REF!
Name 切片器_设计阶段6: #REF!
Name 切片器_设计阶段8: #REF!
Name 切片器_时间: #REF!
Name 切片器_时间2: #REF!
Name 切片器_时间5: #REF!
Name 切片器_统计模式: #REF!
Name 切片器_统计模式11: #REF!
Name 切片器_统计模式3: #REF!
Name 切片器_统计模式6: #REF!
Name 切片器_统计模式7: #REF!
Name 切片器_统计模式8: #REF!
Name 切片器_统计模式9: #REF!
Name 切片器_统计维度: #REF!
Name 切片器_统计维度4: #REF!
Name 切片器_统计项目: #REF!
Name 切片器_统计项目6: #REF!

Sheet 2025数据
A1: 主网项目评审明细表（2025年）
A2: 项目名称 | B2: 设计单位 | C2: 可研评审时间 | D2: 可研发文时间 | E2: 是否完成可研审查 | F2: 可研评审时长 | G2: 可研调整评审时间 | H2: 可研调整发文时间 | I2: 是否完成可研调整审查 | J2: 可研成调整评审时长 | K2: 初设评审时间 | L2: 初设发文时间 | M2: 是否完成初设审查 | N2: 初设评审时长 | O2: 初设调整评审时间 | P2: 初设调整发文时间 | Q2: 是否完成初设调整审查 | R2: 初设调整评审时长 | S2: 施工图评审时间 | T2: 施工图发文时间 | U2: 是否完成施工图审查 | V2: 施工图预算评审时长 | W2: 施工图预算调整评审时间 | X2: 施工图预算调整发文时间 | Y2: 是否完成预算调整审查 | Z2: 施工图预算调整评审时长 | AA2: 重大设计变更评审时间 | AB2: 重大设计变更发文时间 | AC2: 是否完成重大设计变更审查 | AD2: 设计变更评审时长 | AE2: 负责人 | AF2: 变电 | AG2: 线路 | AH2: 可研估算送审动态投资 | AI2: 可研估算审定动态投资 | AJ2: 可研估算送审静态投资 | AK2: 可研估算审定静态投资 | AL2: 可研估算校正（静态） | AM2: 审定-送审（动态）可研估算 | AN2: 审定-送审（静态）可研估算 | AO2: 估算调整送审动态投资 | AP2: 估算调整审定动态投资 | AQ2: 估算调整送审静态投资 | AR2: 估算调整审定静态投资 | AS2: 可研调整估算校正 | AT2: 审定-送审（静态）调整估算 | AU2: 初设概算送审动态投资 | AV2: 初设概算审定动态投资 | AW2: 初设概算送审静态投资 | AX2: 初设概算审定静态投资 | AY2: 初设概算校正 | AZ2: 审定-送审（静态）初设概算 | BA2: 概算-估算（动态） | BB2: 概算调整送审动态投资 | BC2: 概算调整审定动态投资 | BD2: 概算调整送审静态投资 | BE2: 概算调整审定静态投资 | BF2: 初设调整概算校正 | BG2: 审定-送审（静态）概算调整 | BH2: 施工图预算送审动态投资 | BI2: 施工图预算审定动态投资 | BJ2: 施工图预算送审静态投资 | BK2: 施工图预算审定静态投资 | BL2: 施工图预算校正 | BM2: 审定-送审（静态）施工图预算 | BN2: 预算-概算（动态） | BO2: 预算调整预算送审动态投资 | BP2: 预算调整预算审定动态投资 | BQ2: 预算调整预算送审静态投资 | BR2: 预算调整预算审定静态投资 | BS2: 施工图调整预算校正 | BT2: 审定-送审（静态）预算调整 | BU2: 重大设计变更送审动态投资 | BV2: 重大设计变更审定动态投资 | BW2: 重大设计变更送审静态投资 | BX2: 重大设计变更审定静态投资 | BY2: 重大设计变更校正 | BZ2: 审定-送审（静态）重大变更 | CB2: 非工作日
A3: 110kV田美（食品）输变电工程（电气分册） | B3: 汇隽院 | C3: 46052 | E3: =IF(C3<>0,IF(D3<>0,"0","1"),"") -> 1 | F3: =IF(E3="0",NETWORKDAYS(C3,D3,$CB$3:$CB$19),NETWORKDAYS(C3,'2025整理'!$S$1,$CB$3:$CB$19)) -> -25 | J3: =IF(I3="0",NETWORKDAYS(G3,H3,$EO$3:$EO$11),"") | N3: =IF(M3="0",NETWORKDAYS(K3,L3,$EO$3:$EO$11),"") | R3: =IF(Q3="0",NETWORKDAYS(O3,P3,$EO$3:$EO$10),"") | V3: =IF(U3="0",NETWORKDAYS(S3,T3,$EO$3:$EO$11),"") | Z3: =IF(Y3="0",NETWORKDAYS(W3,X3,$EO$3:$EO$11),"") | AD3: =IF(AC3="0",NETWORKDAYS(AA3,AB3,$EO$3:$EO$11),"") | AE3: 谢瑞莲 | AF3: 谢瑞莲 | AG3: 王志会 | CB3: 45658
A4: 110kV榕村站扩建第三台主变工程 | B4: 工程院 | C4: 46052 | E4: =IF(C4<>0,IF(D4<>0,"0","1"),"") -> 1 | F4: =IF(E4="0",NETWORKDAYS(C4,D4,$CB$3:$CB$19),NETWORKDAYS(C4,'2025整理'!$S$1,$CB$3:$CB$19)) -> -25 | J4: =IF(I4="0",NETWORKDAYS(G4,H4,$EO$3:$EO$11),"") | N4: =IF(M4="0",NETWORKDAYS(K4,L4,$EO$3:$EO$11),"") | R4: =IF(Q4="0",NETWORKDAYS(O4,P4,$EO$3:$EO$10),"") | V4: =IF(U4="0",NETWORKDAYS(S4,T4,$EO$3:$EO$11),"") | Z4: =IF(Y4="0",NETWORKDAYS(W4,X4,$EO$3:$EO$11),"") | AD4: =IF(AC4="0",NETWORKDAYS(AA4,AB4,$EO$3:$EO$11),"") | AE4: 樊心田 | AF4: 樊心田 | AG4: 黄小珈 | CB4: 45685
A5: 110kV茶东站扩建主变工程 | B5: 汇隽院 | E5: =IF(C5<>0,IF(D5<>0,"0","1"),"") | J5: =IF(I5="0",NETWORKDAYS(G5,H5,$EO$3:$EO$11),"") | K5: 45946 | L5: 45958 | M5: =IF(K5<>0,IF(L5<>0,"0","1"),"") -> 0 | N5: =IF(M5="0",NETWORKDAYS(K5,L5,$CB$3:$CB$19),NETWORKDAYS(K5,'2025整理'!$S$1,$CB$3:$CB$19)) -> 9 | R5: =IF(Q5="0",NETWORKDAYS(O5,P5,$EO$3:$EO$10),"") | U5: =IF(S5<>0,IF(T5<>0,"0","1"),"") | V5: =IF(U5="0",NETWORKDAYS(S5,T5,$EO$3:$EO$11),"") | Z5: =IF(Y5="0",NETWORKDAYS(W5,X5,$EO$3:$EO$11),"") | AD5: =IF(AC5="0",NETWORKDAYS(AA5,AB5,$EO$3:$EO$11),"") | AE5: 樊心田 | AF5: 樊心田 | AG5: 王志会 | AI5: 4391.23 | AK5: 4330.65 | AL5: =IF(AND(AK5<>"",AJ5<>""),IF(AK5>AJ5,"核增",IF(AK5<AJ5,"核减","不变")),"") | AM5: =IF(AND(AI5<>"",AH5<>""),MAX(ABS(AI5),ABS(AH5))-MIN(ABS(AI5),ABS(AH5)),"") | AN5: =IF(AND(AK5<>"",AJ5<>""),MAX(ABS(AK5),ABS(AJ5))-MIN(ABS(AK5),ABS(AJ5)),"") | AS5: =IF(AND(AR5<>"",AQ5<>""),IF(AR5>AQ5,"核增",IF(AR5<AQ5,"核减","不变")),"") | AT5: =IF(AND(AR5<>"",AQ5<>""),MAX(ABS(AR5),ABS(AQ5))-MIN(ABS(AR5),ABS(AQ5)),"") | AU5: 4350.28 | AV5: 4262.34 | AW5: 4296.61 | AX5: 4210.08 | AY5: =IF(AND(AX5<>"",AW5<>""),IF(AX5>AW5,"核增",IF(AX5<AW5,"核减","不变")),"") -> 核减 | AZ5: =IF(AND(AX5<>"",AW5<>""),MAX(ABS(AX5),ABS(AW5))-MIN(ABS(AX5),ABS(AW5)),"") -> 86.53 | BA5: =IF(AND(AV5<>"",AI5<>""),IF(AV5>AI5,"核增",IF(AV5<AI5,"核减","不变")),"")&TEXT(IF(AND(AV5<>"",AI5<>""),MAX(ABS(AV5),ABS(AI5))-MIN(ABS(AV5),ABS(AI5)),""),"0.00") -> 核减128.89 | BF5: =IF(AND(BE5<>"",BD5<>""),IF(BE5>BD5,"核增",IF(BE5<BD5,"核减","不变")),"") | BL5: =IF(AND(BK5<>"",BJ5<>""),IF(BK5>BJ5,"核增",IF(BK5<BJ5,"核减","不变")),"") | BM5: =IF(AND(BK5<>"",BJ5<>""),MAX(ABS(BK5),ABS(BJ5))-MIN(ABS(BK5),ABS(BJ5)),"") | BN5: =IF(AND(BI5<>"",AV5<>""),IF(BI5>AV5,"核增",IF(BI5<AV5,"核减","不变")),"")&TEXT(IF(AND(BI5<>"",AV5<>""),MAX(ABS(BI5),ABS(AV5))-MIN(ABS(BI5),ABS(AV5)),""),"0.00") | BS5: =IF(AND(BR5<>"",BQ5<>""),IF(BR5>BQ5,"核增",IF(BR5<BQ5,"核减","不变")),"") | BT5: =IF(AND(BR5<>"",BQ5<>""),MAX(ABS(BR5),ABS(BQ5))-MIN(ABS(BR5),ABS(BQ5)),"") | BY5: =IF(AND(BX5<>"",BW5<>""),IF(BX5>BW5,"核增",IF(BX5<BW5,"核减","不变")),"") | BZ5: =IF(AND(BX5<>"",BW5<>""),MAX(ABS(BX5),ABS(BW5))-MIN(ABS(BX5),ABS(BW5)),"") | CB5: 45686
A6: 110kV富城输变电工程（土建分册） | B6: 工程院 | C6: 46052 | E6: =IF(C6<>0,IF(D6<>0,"0","1"),"") -> 1 | F6: =IF(E6="0",NETWORKDAYS(C6,D6,$CB$3:$CB$19),NETWORKDAYS(C6,'2025整理'!$S$1,$CB$3:$CB$19)) -> -25 | J6: =IF(I6="0",NETWORKDAYS(G6,H6,$EO$3:$EO$11),"") | N6: =IF(M6="0",NETWORKDAYS(K6,L6,$EO$3:$EO$11),"") | R6: =IF(Q6="0",NETWORKDAYS(O6,P6,$EO$3:$EO$10),"") | V6: =IF(U6="0",NETWORKDAYS(S6,T6,$EO$3:$EO$11),"") | Z6: =IF(Y6="0",NETWORKDAYS(W6,X6,$EO$3:$EO$11),"") | AD6: =IF(AC6="0",NETWORKDAYS(AA6,AB6,$EO$3:$EO$11),"") | AE6: 方明 | AF6: 方明 | AG6: - | BZ6: =IF(AND(BX6<>"",BW6<>""),MAX(ABS(BX6),ABS(BW6))-MIN(ABS(BX6),ABS(BW6)),"") | CB6: 45326
A7: 110 kV运东输变电工程土建分册 | B7: 广州院 | C7: 46052 | E7: =IF(C7<>0,IF(D7<>0,"0","1"),"") -> 1 | F7: =IF(E7="0",NETWORKDAYS(C7,D7,$CB$3:$CB$19),NETWORKDAYS(C7,'2025整理'!$S$1,$CB$3:$CB$19)) -> -25 | J7: =IF(I7="0",NETWORKDAYS(G7,H7,$EO$3:$EO$11),"") | N7: =IF(M7="0",NETWORKDAYS(K7,L7,$EO$3:$EO$11),"") | R7: =IF(Q7="0",NETWORKDAYS(O7,P7,$EO$3:$EO$10),"") | V7: =IF(U7="0",NETWORKDAYS(S7,T7,$EO$3:$EO$11),"") | Z7: =IF(Y7="0",NETWORKDAYS(W7,X7,$EO$3:$EO$11),"") | AD7: =IF(AC7="0",NETWORKDAYS(AA7,AB7,$EO$3:$EO$11),"") | AE7: 谢瑞莲 | AF7: 谢瑞莲 | AG7: - | CB7: 45751
A8: 110 kV上岭输变电工程 | B8: 广州院 | C8: 45860 | D8: 45877 | E8: =IF(C8<>0,IF(D8<>0,"0","1"),"") -> 0 | F8: =IF(E8="0",NETWORKDAYS(C8,D8,$CB$3:$CB$19),NETWORKDAYS(C8,'2025整理'!$S$1,$CB$3:$CB$19)) -> 14 | J8: =IF(I8="0",NETWORKDAYS(G8,H8,$EO$3:$EO$11),"") | N8: =IF(M8="0",NETWORKDAYS(K8,L8,$EO$3:$EO$11),"") | R8: =IF(Q8="0",NETWORKDAYS(O8,P8,$EO$3:$EO$10),"") | V8: =IF(U8="0",NETWORKDAYS(S8,T8,$EO$3:$EO$11),"") | Z8: =IF(Y8="0",NETWORKDAYS(W8,X8,$EO$3:$EO$11),"") | AD8: =IF(AC8="0",NETWORKDAYS(AA8,AB8,$EO$3:$EO$11),"") | AE8: 樊心田 | AF8: 樊心田 | AG8: 黄小珈 | AH8: 20862.51 | AI8: 20321.91 | AJ8: 20546.22 | AK8: 20321.91 | AL8: =IF(AND(AK8<>"",AJ8<>""),IF(AK8>AJ8,"核增",IF(AK8<AJ8,"核减","不变")),"") -> 核减 | AM8: =IF(AND(AI8<>"",AH8<>""),MAX(ABS(AI8),ABS(AH8))-MIN(ABS(AI8),ABS(AH8)),"") -> 540.6 | AN8: =IF(AND(AK8<>"",AJ8<>""),MAX(ABS(AK8),ABS(AJ8))-MIN(ABS(AK8),ABS(AJ8)),"") -> 224.31 | BZ8: =IF(AND(BX8<>"",BW8<>""),MAX(ABS(BX8),ABS(BW8))-MIN(ABS(BX8),ABS(BW8)),"") | CB8: 45413
A9: 海珠站配套220kV线路工程 | B9: 省院 | C9: 45630 | D9: 45707 | E9: =IF(C9<>0,IF(D9<>0,"0","1"),"") -> 0 | F9: =IF(E9="0",NETWORKDAYS(C9,D9,$CB$3:$CB$19),NETWORKDAYS(C9,'2025整理'!$S$1,$CB$3:$CB$19)) -> 53 | J9: =IF(I9="0",NETWORKDAYS(G9,H9,$EO$3:$EO$11),"") | K9: 45818 | L9: 45833 | M9: =IF(K9<>0,IF(L9<>0,"0","1"),"") -> 0 | N9: =IF(M9="0",NETWORKDAYS(K9,L9,$CB$3:$CB$19),NETWORKDAYS(K9,'2025整理'!$S$1,$CB$3:$CB$19)) -> 12 | R9: =IF(Q9="0",NETWORKDAYS(O9,P9,$EO$3:$EO$10),"") | S9: 45947 | U9: =IF(S9<>0,IF(T9<>0,"0","1"),"") -> 1 | V9: =IF(U9="0",NETWORKDAYS(S9,T9,$CB$3:$CB$19),NETWORKDAYS(S9,'2025整理'!$S$1,$CB$3:$CB$19)) -> 52 | Z9: =IF(Y9="0",NETWORKDAYS(W9,X9,$EO$3:$EO$11),"") | AD9: =IF(AC9="0",NETWORKDAYS(AA9,AB9,$EO$3:$EO$11),"") | AE9: 陈伟哲 | AF9: 方明 | AG9: 陈伟哲 | AH9: 90456.44 | AI9: 87097.32 | AJ9: 89277.88 | AK9: 85932 | AL9: =IF(AND(AK9<>"",AJ9<>""),IF(AK9>AJ9,"核增",IF(AK9<AJ9,"核减","不变")),"") -> 核减 | AM9: =IF(AND(AI9<>"",AH9<>""),MAX(ABS(AI9),ABS(AH9))-MIN(ABS(AI9),ABS(AH9)),"") -> 3359.12 | AN9: =IF(AND(AK9<>"",AJ9<>""),MAX(ABS(AK9),ABS(AJ9))-MIN(ABS(AK9),ABS(AJ9)),"") -> 3345.88 | AU9: 86798.67 | AV9: 85076.17 | AW9: 85651.38 | AX9: 84017.04 | AY9: =IF(AND(AX9<>"",AW9<>""),IF(AX9>AW9,"核增",IF(AX9<AW9,"核减","不变")),"") -> 核减 | AZ9: =IF(AND(AX9<>"",AW9<>""),MAX(ABS(AX9),ABS(AW9))-MIN(ABS(AX9),ABS(AW9)),"") -> 1634.34 | BA9: =IF(AND(AV9<>"",AI9<>""),IF(AV9>AI9,"核增",IF(AV9<AI9,"核减","不变")),"")&TEXT(IF(AND(AV9<>"",AI9<>""),MAX(ABS(AV9),ABS(AI9))-MIN(ABS(AV9),ABS(AI9)),""),"0.00") -> 核减2021.15 | CB9: 45414
A10: 广州海珠站配套 220 kV线路工程（附属用房部分） | B10: 省院 | C10: 46052 | E10: =IF(C10<>0,IF(D10<>0,"0","1"),"") -> 1 | F10: =IF(E10="0",NETWORKDAYS(C10,D10,$CB$3:$CB$19),NETWORKDAYS(C10,'2025整理'!$S$1,$CB$3:$CB$19)) -> -25 | J10: =IF(I10="0",NETWORKDAYS(G10,H10,$EO$3:$EO$11),"") | AE10: 方明 | AF10: 方明 | AG10: - | CB10: 45417
A11: 500kV傍海（番南）站配套220kV线路工程（第一分册） | B11: 广州院 | C11: 45637 | D11: 45684 | E11: =IF(C11<>0,IF(D11<>0,"0","1"),"") -> 0 | F11: =IF(E11="0",NETWORKDAYS(C11,D11,$EO$3:$EO$11),"") -> 34 | J11: =IF(I11="0",NETWORKDAYS(G11,H11,$EO$3:$EO$11),"") | K11: 45761 | L11: 45771 | M11: =IF(K11<>0,IF(L11<>0,"0","1"),"") -> 0 | N11: =IF(M11="0",NETWORKDAYS(K11,L11,$EO$3:$EO$11),"") -> 9 | R11: =IF(Q11="0",NETWORKDAYS(O11,P11,$EO$3:$EO$10),"") | S11: 45996 | U11: =IF(S11<>0,IF(T11<>0,"0","1"),"") -> 1 | V11: =IF(U11="0",NETWORKDAYS(S11,T11,$CB$3:$CB$19),NETWORKDAYS(S11,'2025整理'!$S$1,$CB$3:$CB$19)) -> 17 | Z11: =IF(Y11="0",NETWORKDAYS(W11,X11,$EO$3:$EO$11),"") | AD11: =IF(AC11="0",NETWORKDAYS(AA11,AB11,$EO$3:$EO$11),"") | AE11: 王志会 | AF11: 樊心田 | AG11: 王志会 | AH11: 30592.25 | AI11: 27459.26 | AJ11: 30038.73 | AK11: 26963.87 | AL11: =IF(AND(AK11<>"",AJ11<>""),IF(AK11>AJ11,"核增",IF(AK11<AJ11,"核减","不变")),"") -> 核减 | AM11: =IF(AND(AI11<>"",AH11<>""),MAX(ABS(AI11),ABS(AH11))-MIN(ABS(AI11),ABS(AH11)),"") -> 3132.99 | AN11: =IF(AND(AK11<>"",AJ11<>""),MAX(ABS(AK11),ABS(AJ11))-MIN(ABS(AK11),ABS(AJ11)),"") -> 3074.86 | AU11: 26452.38 | AV11: 26587.08 | AW11: 26022.32 | AX11: 26155.17 | AY11: =IF(AND(AX11<>"",AW11<>""),IF(AX11>AW11,"核增",IF(AX11<AW11,"核减","不变")),"") -> 核增 | AZ11: =IF(AND(AX11<>"",AW11<>""),MAX(ABS(AX11),ABS(AW11))-MIN(ABS(AX11),ABS(AW11)),"") -> 132.85 | BA11: =IF(AND(AV11<>"",AI11<>""),IF(AV11>AI11,"核增",IF(AV11<AI11,"核减","不变")),"")&TEXT(IF(AND(AV11<>"",AI11<>""),MAX(ABS(AV11),ABS(AI11))-MIN(ABS(AV11),ABS(AI11)),""),"0.00") -> 核减872.18 | CB11: 45445
A12: 220kV花地站配合牵引站接入工程 | B12: 广州院 | C12: 45649 | D12: 45663 | E12: =IF(C12<>0,IF(D12<>0,"0","1"),"") -> 0 | F12: =IF(E12="0",NETWORKDAYS(C12,D12,$CB$3:$CB$19),"") -> 10 | J12: =IF(I12="0",NETWORKDAYS(G12,H12,$EO$3:$EO$11),"") | K12: 45673 | L12: 45680 | M12: =IF(K12<>0,IF(L12<>0,"0","1"),"") -> 0 | N12: =IF(M12="0",NETWORKDAYS(K12,L12,$EO$3:$EO$11),"") -> 6 | S12: 45727 | T12: 45740 | U12: =IF(S12<>0,IF(T12<>0,"0","1"),"") -> 0 | V12: =IF(U12="0",NETWORKDAYS(S12,T12,$CB$3:$CB$19),"") -> 10 | AE12: 谢瑞莲 | AF12: 谢瑞莲 | AG12: - | AH12: 843 | AI12: 645.18 | AJ12: 843 | AK12: 645.18 | AL12: =IF(AND(AK12<>"",AJ12<>""),IF(AK12>AJ12,"核增",IF(AK12<AJ12,"核减","不变")),"") -> 核减 | AM12: =IF(AND(AI12<>"",AH12<>""),MAX(ABS(AI12),ABS(AH12))-MIN(ABS(AI12),ABS(AH12)),"") -> 197.82 | AN12: =IF(AND(AK12<>"",AJ12<>""),MAX(ABS(AK12),ABS(AJ12))-MIN(ABS(AK12),ABS(AJ12)),"") -> 197.82 | AU12: 628.3 | AV12: 620.69 | AW12: 628.3 | AX12: 620.69 | AY12: =IF(AND(AX12<>"",AW12<>""),IF(AX12>AW12,"核增",IF(AX12<AW12,"核减","不变")),"") -> 核减 | AZ12: =IF(AND(AX12<>"",AW12<>""),MAX(ABS(AX12),ABS(AW12))-MIN(ABS(AX12),ABS(AW12)),"") -> 7.61 | BA12: =IF(AND(AV12<>"",AI12<>""),IF(AV12>AI12,"核增",IF(AV12<AI12,"核减","不变")),"")&TEXT(IF(AND(AV12<>"",AI12<>""),MAX(ABS(AV12),ABS(AI12))-MIN(ABS(AV12),ABS(AI12)),""),"0.00") -> 核减24.49 | BH12: 551.29 | BI12: 580.52 | BJ12: 551.29 | BK12: 580.52 | BL12: =IF(AND(BK12<>"",BJ12<>""),IF(BK12>BJ12,"核增",IF(BK12<BJ12,"核减","不变")),"") -> 核增 | BM12: =IF(AND(BK12<>"",BJ12<>""),MAX(ABS(BK12),ABS(BJ12))-MIN(ABS(BK12),ABS(BJ12)),"") -> 29.23 | BN12: =IF(AND(BI12<>"",AV12<>""),IF(BI12>AV12,"核增",IF(BI12<AV12,"核减","不变")),"")&TEXT(IF(AND(BI12<>"",AV12<>""),MAX(ABS(BI12),ABS(AV12))-MIN(ABS(BI12),ABS(AV12)),""),"0.00") -> 核减40.17 | CB12: 45566
A13: 220kV昌岗站第三台主变扩工程 | B13: 广州院 | C13: 45825 | D13: 45856 | E13: =IF(C13<>0,IF(D13<>0,"0","1"),"") -> 0 | F13: =IF(E13="0",NETWORKDAYS(C13,D13,$CB$3:$CB$19),NETWORKDAYS(C13,'2025整理'!$S$1,$CB$3:$CB$19)) -> 24 | J13: =IF(I13="0",NETWORKDAYS(G13,H13,$EO$3:$EO$11),"") | K13: 45986 | M13: =IF(K13<>0,IF(L13<>0,"0","1"),"") -> 1 | N13: =IF(M13="0",NETWORKDAYS(K13,L13,$CB$3:$CB$19),NETWORKDAYS(K13,'2025整理'!$S$1,$CB$3:$CB$19)) -> 25 | AE13: 谢瑞莲 | AF13: 谢瑞莲 | AG13: 黄小珈 | AH13: 14512.85 | AI13: 14344.24 | AJ13: 14379.14 | AK13: 14212.04 | AL13: =IF(AND(AK13<>"",AJ13<>""),IF(AK13>AJ13,"核增",IF(AK13<AJ13,"核减","不变")),"") -> 核减 | AM13: =IF(AND(AI13<>"",AH13<>""),MAX(ABS(AI13),ABS(AH13))-MIN(ABS(AI13),ABS(AH13)),"") -> 168.61 | AN13: =IF(AND(AK13<>"",AJ13<>""),MAX(ABS(AK13),ABS(AJ13))-MIN(ABS(AK13),ABS(AJ13)),"") -> 167.1 | AY13: =IF(AND(AX13<>"",AW13<>""),IF(AX13>AW13,"核增",IF(AX13<AW13,"核减","不变")),"") | CB13: 45567
A14: 110kV太平扩建第三台主变工程 | B14: 工程院 | C14: 45701 | D14: 45721 | E14: =IF(C14<>0,IF(D14<>0,"0","1"),"") -> 0 | F14: =IF(E14="0",NETWORKDAYS(C14,D14,$EO$3:$EO$11),"") -> 15 | J14: =IF(I14="0",NETWORKDAYS(G14,H14,$EO$3:$EO$11),"") | K14: 45854 | L14: 45874 | M14: =IF(K14<>0,IF(L14<>0,"0","1"),"") -> 0 | N14: =IF(M14="0",NETWORKDAYS(K14,L14,$CB$3:$CB$19),NETWORKDAYS(K14,'2025整理'!$S$1,$CB$3:$CB$19)) -> 15 | S14: 45923 | T14: 45947 | U14: =IF(S14<>0,IF(T14<>0,"0","1"),"") -> 0 | V14: =IF(U14="0",NETWORKDAYS(S14,T14,$CB$3:$CB$19),NETWORKDAYS(S14,'2025整理'!$S$1,$CB$3:$CB$19)) -> 19 | AE14: 方明 | AF14: 方明 | AG14: 黄小珈 | AH14: 2018.73 | AI14: 2041.22 | AJ14: 1999.91 | AK14: 2022.24 | AL14: =IF(AND(AK14<>"",AJ14<>""),IF(AK14>AJ14,"核增",IF(AK14<AJ14,"核减","不变")),"") -> 核增 | AM14: =IF(AND(AI14<>"",AH14<>""),MAX(ABS(AI14),ABS(AH14))-MIN(ABS(AI14),ABS(AH14)),"") -> 22.49 | AN14: =IF(AND(AK14<>"",AJ14<>""),MAX(ABS(AK14),ABS(AJ14))-MIN(ABS(AK14),ABS(AJ14)),"") -> 22.33 | AU14: 2019.05 | AV14: 2016.71 | AW14: 2000.26 | AX14: 1999.59 | AY14: =IF(AND(AX14<>"",AW14<>""),IF(AX14>AW14,"核增",IF(AX14<AW14,"核减","不变")),"") -> 核减 | AZ14: =IF(AND(AX14<>"",AW14<>""),MAX(ABS(AX14),ABS(AW14))-MIN(ABS(AX14),ABS(AW14)),"") -> 0.67 | BA14: =IF(AND(AV14<>"",AI14<>""),IF(AV14>AI14,"核增",IF(AV14<AI14,"核减","不变")),"")&TEXT(IF(AND(AV14<>"",AI14<>""),MAX(ABS(AV14),ABS(AI14))-MIN(ABS(AV14),ABS(AI14)),""),"0.00") -> 核减24.51 | BH14: 2037.17 | BI14: 2013.59 | BJ14: 2018.33 | BK14: 1995.05 | BL14: =IF(AND(BK14<>"",BJ14<>""),IF(BK14>BJ14,"核增",IF(BK14<BJ14,"核减","不变")),"") -> 核减 | BM14: =IF(AND(BK14<>"",BJ14<>""),MAX(ABS(BK14),ABS(BJ14))-MIN(ABS(BK14),ABS(BJ14)),"") -> 23.28 | BN14: =IF(AND(BI14<>"",AV14<>""),IF(BI14>AV14,"核增",IF(BI14<AV14,"核减","不变")),"")&TEXT(IF(AND(BI14<>"",AV14<>""),MAX(ABS(BI14),ABS(AV14))-MIN(ABS(BI14),ABS(AV14)),""),"0.00") -> 核减3.12 | CB14: 45568
A15: 220kV白鹅潭输变电工程（第一分册） | B15: 广州院 | C15: 45659 | D15: 45683 | E15: =IF(C15<>0,IF(D15<>0,"0","1"),"") -> 0 | F15: =IF(E15="0",NETWORKDAYS(C15,D15,$EO$3:$EO$11),"") -> 17 | J15: =IF(I15="0",NETWORKDAYS(G15,H15,$EO$3:$EO$11),"") | K15: 45813 | L15: 45831 | M15: =IF(K15<>0,IF(L15<>0,"0","1"),"") -> 0 | N15: =IF(M15="0",NETWORKDAYS(K15,L15,$CB$3:$CB$19),NETWORKDAYS(K15,'2025整理'!$S$1,$CB$3:$CB$19)) -> 13 | S15: 45876 | T15: 45922 | U15: =IF(S15<>0,IF(T15<>0,"0","1"),"") -> 0 | V15: =IF(U15="0",NETWORKDAYS(S15,T15,$CB$3:$CB$19),NETWORKDAYS(S15,'2025整理'!$S$1,$CB$3:$CB$19)) -> 33 | AE15: 陈伟哲 | AF15: 樊心田 | AG15: 陈伟哲 | AH15: 49674.46 | AI15: 44792.46 | AJ15: 48777.76 | AK15: 44304.37 | AL15: =IF(AND(AK15<>"",AJ15<>""),IF(AK15>AJ15,"核增",IF(AK15<AJ15,"核减","不变")),"") -> 核减 | AM15: =IF(AND(AI15<>"",AH15<>""),MAX(ABS(AI15),ABS(AH15))-MIN(ABS(AI15),ABS(AH15)),"") -> 4882 | AN15: =IF(AND(AK15<>"",AJ15<>""),MAX(ABS(AK15),ABS(AJ15))-MIN(ABS(AK15),ABS(AJ15)),"") -> 4473.39 | AU15: 44820.5 | AV15: 44748.66 | AW15: 44219.65 | AX15: 44204.12 | AY15: =IF(AND(AX15<>"",AW15<>""),IF(AX15>AW15,"核增",IF(AX15<AW15,"核减","不变")),"") -> 核减 | AZ15: =IF(AND(AX15<>"",AW15<>""),MAX(ABS(AX15),ABS(AW15))-MIN(ABS(AX15),ABS(AW15)),"") -> 15.53 | BA15: =IF(AND(AV15<>"",AI15<>""),IF(AV15>AI15,"核增",IF(AV15<AI15,"核减","不变")),"")&TEXT(IF(AND(AV15<>"",AI15<>""),MAX(ABS(AV15),ABS(AI15))-MIN(ABS(AV15),ABS(AI15)),""),"0.00") -> 核减43.80 | BH15: 46385.17 | BI15: 44734.03 | BJ15: 45820.71 | BK15: 44204.96 | BL15: =IF(AND(BK15<>"",BJ15<>""),IF(BK15>BJ15,"核增",IF(BK15<BJ15,"核减","不变")),"") -> 核减 | BM15: =IF(AND(BK15<>"",BJ15<>""),MAX(ABS(BK15),ABS(BJ15))-MIN(ABS(BK15),ABS(BJ15)),"") -> 1615.75 | BN15: =IF(AND(BI15<>"",AV15<>""),IF(BI15>AV15,"核增",IF(BI15<AV15,"核减","不变")),"")&TEXT(IF(AND(BI15<>"",AV15<>""),MAX(ABS(BI15),ABS(AV15))-MIN(ABS(BI15),ABS(AV15)),""),"0.00") -> 核减14.63 | CB15: 45571
A16: 110kV凫洲至保税线路工程 | B16: 广州院 | C16: 45660 | D16: 45673 | E16: =IF(C16<>0,IF(D16<>0,"0","1"),"") -> 0 | F16: =IF(E16="0",NETWORKDAYS(C16,D16,$CB$3:$CB$19),"") -> 10 | J16: =IF(I16="0",NETWORKDAYS(G16,H16,$EO$3:$EO$11),"") | K16: 45889 | L16: 45924 | M16: =IF(K16<>0,IF(L16<>0,"0","1"),"") -> 0 | N16: =IF(M16="0",NETWORKDAYS(K16,L16,$CB$3:$CB$19),NETWORKDAYS(K16,'2025整理'!$S$1,$CB$3:$CB$19)) -> 26 | R16: =IF(Q16="0",NETWORKDAYS(O16,P16,$EO$3:$EO$10),"") | V16: =IF(U16="0",NETWORKDAYS(S16,T16,$EO$3:$EO$11),"") | Z16: =IF(Y16="0",NETWORKDAYS(W16,X16,$EO$3:$EO$11),"") | AD16: =IF(AC16="0",NETWORKDAYS(AA16,AB16,$EO$3:$EO$11),"") | AE16: 黄小珈 | AF16: 谢瑞莲 | AG16: 黄小珈 | AH16: 25586.81 | AI16: 12884.58 | AJ16: 25151.24 | AK16: 12667.91 | AL16: =IF(AND(AK16<>"",AJ16<>""),IF(AK16>AJ16,"核增",IF(AK16<AJ16,"核减","不变")),"") -> 核减 | AM16: =IF(AND(AI16<>"",AH16<>""),MAX(ABS(AI16),ABS(AH16))-MIN(ABS(AI16),ABS(AH16)),"") -> 12702.23 | AN16: =IF(AND(AK16<>"",AJ16<>""),MAX(ABS(AK16),ABS(AJ16))-MIN(ABS(AK16),ABS(AJ16)),"") -> 12483.33 | AU16: 12513.22 | AV16: 11704 | AW16: 12323.6 | AX16: 11527.04 | AY16: =IF(AND(AX16<>"",AW16<>""),IF(AX16>AW16,"核增",IF(AX16<AW16,"核减","不变")),"") -> 核减 | AZ16: =IF(AND(AX16<>"",AW16<>""),MAX(ABS(AX16),ABS(AW16))-MIN(ABS(AX16),ABS(AW16)),"") -> 796.56 | BA16: =IF(AND(AV16<>"",AI16<>""),IF(AV16>AI16,"核增",IF(AV16<AI16,"核减","不变")),"")&TEXT(IF(AND(AV16<>"",AI16<>""),MAX(ABS(AV16),ABS(AI16))-MIN(ABS(AV16),ABS(AI16)),""),"0.00") -> 核减1180.58 | BZ16: =IF(AND(BX16<>"",BW16<>""),MAX(ABS(BX16),ABS(BW16))-MIN(ABS(BX16),ABS(BW16)),"")
A17: 110 kV旗坊输变电工程 | B17: 广州院 | C17: 45757 | D17: 45793 | E17: =IF(C17<>0,IF(D17<>0,"0","1"),"") -> 0 | F17: =IF(E17="0",NETWORKDAYS(C17,D17,$CB$3:$CB$19),NETWORKDAYS(C17,'2025整理'!$S$1,$CB$3:$CB$19)) -> 27 | J17: =IF(I17="0",NETWORKDAYS(G17,H17,$EO$3:$EO$11),"") | K17: 45912 | L17: 45930 | M17: =IF(K17<>0,IF(L17<>0,"0","1"),"") -> 0 | N17: =IF(M17="0",NETWORKDAYS(K17,L17,$CB$3:$CB$19),NETWORKDAYS(K17,'2025整理'!$S$1,$CB$3:$CB$19)) -> 13 | AE17: 方明 | AF17: 方明 | AG17: 黄小珈 | AH17: 17481.27 | AI17: 17611.86 | AJ17: 17185.86 | AK17: 17310.24 | AL17: =IF(AND(AK17<>"",AJ17<>""),IF(AK17>AJ17,"核增",IF(AK17<AJ17,"核减","不变")),"") -> 核增 | AM17: =IF(AND(AI17<>"",AH17<>""),MAX(ABS(AI17),ABS(AH17))-MIN(ABS(AI17),ABS(AH17)),"") -> 130.59 | AN17: =IF(AND(AK17<>"",AJ17<>""),MAX(ABS(AK17),ABS(AJ17))-MIN(ABS(AK17),ABS(AJ17)),"") -> 124.38 | AU17: 17420.58 | AV17: 17262.65 | AW17: 17136.31 | AX17: 16996.08 | AY17: =IF(AND(AX17<>"",AW17<>""),IF(AX17>AW17,"核增",IF(AX17<AW17,"核减","不变")),"") -> 核减 | AZ17: =IF(AND(AX17<>"",AW17<>""),MAX(ABS(AX17),ABS(AW17))-MIN(ABS(AX17),ABS(AW17)),"") -> 140.23 | BA17: =IF(AND(AV17<>"",AI17<>""),IF(AV17>AI17,"核增",IF(AV17<AI17,"核减","不变")),"")&TEXT(IF(AND(AV17<>"",AI17<>""),MAX(ABS(AV17),ABS(AI17))-MIN(ABS(AV17),ABS(AI17)),""),"0.00") -> 核减349.21
A18: 110kV水南站扩建第三台主变工程 | B18: 工程院 | C18: 45922 | D18: 45964 | E18: =IF(C18<>0,IF(D18<>0,"0","1"),"") -> 0 | F18: =IF(E18="0",NETWORKDAYS(C18,D18,$CB$3:$CB$19),NETWORKDAYS(C18,'2025整理'!$S$1,$CB$3:$CB$19)) -> 31 | J18: =IF(I18="0",NETWORKDAYS(G18,H18,$EO$3:$EO$11),"") | AE18: 樊心田 | AF18: 樊心田 | AG18: 黄小珈 | AH18: 4505.52 | AI18: 4500.05 | AJ18: 4443.18 | AK18: 4437.72 | AL18: =IF(AND(AK18<>"",AJ18<>""),IF(AK18>AJ18,"核增",IF(AK18<AJ18,"核减","不变")),"") -> 核减 | AM18: =IF(AND(AI18<>"",AH18<>""),MAX(ABS(AI18),ABS(AH18))-MIN(ABS(AI18),ABS(AH18)),"") -> 5.47 | AN18: =IF(AND(AK18<>"",AJ18<>""),MAX(ABS(AK18),ABS(AJ18))-MIN(ABS(AK18),ABS(AJ18)),"") -> 5.46 | AY18: =IF(AND(AX18<>"",AW18<>""),IF(AX18>AW18,"核增",IF(AX18<AW18,"核减","不变")),"")
A19: 110kV志诚输变电工程（第一分册） | B19: 工程院 | C19: 45848 | D19: 45855 | E19: =IF(C19<>0,IF(D19<>0,"0","1"),"") -> 0 | F19: =IF(E19="0",NETWORKDAYS(C19,D19,$CB$3:$CB$19),NETWORKDAYS(C19,'2025整理'!$S$1,$CB$3:$CB$19)) -> 6 | K19: 45875 | L19: 45888 | M19: =IF(K19<>0,IF(L19<>0,"0","1"),"") -> 0 | N19: =IF(M19="0",NETWORKDAYS(K19,L19,$CB$3:$CB$19),NETWORKDAYS(K19,'2025整理'!$S$1,$CB$3:$CB$19)) -> 10 | S19: 45957 | T19: 45972 | U19: =IF(S19<>0,IF(T19<>0,"0","1"),"") -> 0 | V19: =IF(U19="0",NETWORKDAYS(S19,T19,$CB$3:$CB$19),NETWORKDAYS(S19,'2025整理'!$S$1,$CB$3:$CB$19)) -> 12 | AE19: 樊心田 | AF19: 樊心田 | AG19: 黄小珈 | AH19: 13054.92 | AI19: 12734.06 | AJ19: 12786.64 | AK19: 12558.05 | AL19: =IF(AND(AK19<>"",AJ19<>""),IF(AK19>AJ19,"核增",IF(AK19<AJ19,"核减","不变")),"") -> 核减 | AM19: =IF(AND(AI19<>"",AH19<>""),MAX(ABS(AI19),ABS(AH19))-MIN(ABS(AI19),ABS(AH19)),"") -> 320.86 | AN19: =IF(AND(AK19<>"",AJ19<>""),MAX(ABS(AK19),ABS(AJ19))-MIN(ABS(AK19),ABS(AJ19)),"") -> 228.59 | AU19: 12702.3 | AV19: 12325.75 | AW19: 12546.12 | AX19: 12173.3 | AY19: =IF(AND(AX19<>"",AW19<>""),IF(AX19>AW19,"核增",IF(AX19<AW19,"核减","不变")),"") -> 核减 | AZ19: =IF(AND(AX19<>"",AW19<>""),MAX(ABS(AX19),ABS(AW19))-MIN(ABS(AX19),ABS(AW19)),"") -> 372.82 | BA19: =IF(AND(AV19<>"",AI19<>""),IF(AV19>AI19,"核增",IF(AV19<AI19,"核减","不变")),"")&TEXT(IF(AND(AV19<>"",AI19<>""),MAX(ABS(AV19),ABS(AI19))-MIN(ABS(AV19),ABS(AI19)),""),"0.00") -> 核减408.31 | BH19: 12209.93 | BI19: 11920.83 | BJ19: 12026.95 | BK19: 11742.26 | BL19: =IF(AND(BK19<>"",BJ19<>""),IF(BK19>BJ19,"核增",IF(BK19<BJ19,"核减","不变")),"") -> 核减 | BM19: =IF(AND(BK19<>"",BJ19<>""),MAX(ABS(BK19),ABS(BJ19))-MIN(ABS(BK19),ABS(BJ19)),"") -> 284.69 | BN19: =IF(AND(BI19<>"",AV19<>""),IF(BI19>AV19,"核增",IF(BI19<AV19,"核减","不变")),"")&TEXT(IF(AND(BI19<>"",AV19<>""),MAX(ABS(BI19),ABS(AV19))-MIN(ABS(BI19),ABS(AV19)),""),"0.00") -> 核减404.92
A20: 110kV南方输变电工程（第二分册） | B20: 广州院 | C20: 45813 | D20: 45826 | E20: =IF(C20<>0,IF(D20<>0,"0","1"),"") -> 0 | F20: =IF(E20="0",NETWORKDAYS(C20,D20,$CB$3:$CB$19),NETWORKDAYS(C20,'2025整理'!$S$1,$CB$3:$CB$19)) -> 10 | K20: 45999 | L20: 46008 | M20: =IF(K20<>0,IF(L20<>0,"0","1"),"") -> 0 | N20: =IF(M20="0",NETWORKDAYS(K20,L20,$CB$3:$CB$19),NETWORKDAYS(K20,'2025整理'!$S$1,$CB$3:$CB$19)) -> 8 | AE20: 方明 | AF20: 方明 | AG20: 黄小珈 | AH20: 4515.31 | AI20: 4484.99 | AJ20: 4438.31 | AK20: 4408.51 | AL20: =IF(AND(AK20<>"",AJ20<>""),IF(AK20>AJ20,"核增",IF(AK20<AJ20,"核减","不变")),"") -> 核减 | AM20: =IF(AND(AI20<>"",AH20<>""),MAX(ABS(AI20),ABS(AH20))-MIN(ABS(AI20),ABS(AH20)),"") -> 30.32 | AN20: =IF(AND(AK20<>"",AJ20<>""),MAX(ABS(AK20),ABS(AJ20))-MIN(ABS(AK20),ABS(AJ20)),"") -> 29.8 | AU20: 4216.65 | AV20: 4133.18 | AW20: 4144.77 | AX20: 4062.73 | AY20: =IF(AND(AX20<>"",AW20<>""),IF(AX20>AW20,"核增",IF(AX20<AW20,"核减","不变")),"") -> 核减 | AZ20: =IF(AND(AX20<>"",AW20<>""),MAX(ABS(AX20),ABS(AW20))-MIN(ABS(AX20),ABS(AW20)),"") -> 82.04 | BA20: =IF(AND(AV20<>"",AI20<>""),IF(AV20>AI20,"核增",IF(AV20<AI20,"核减","不变")),"")&TEXT(IF(AND(AV20<>"",AI20<>""),MAX(ABS(AV20),ABS(AI20))-MIN(ABS(AV20),ABS(AI20)),""),"0.00") -> 核减351.81
A21: 220kV花地站扩建第三台主变工程（第一分册） | B21: 广州院 | C21: 45927 | D21: 45941 | E21: =IF(C21<>0,IF(D21<>0,"0","1"),"") -> 0 | F21: =IF(E21="0",NETWORKDAYS(C21,D21,$CB$3:$CB$19),NETWORKDAYS(C21,'2025整理'!$S$1,$CB$3:$CB$19)) -> 10 | J21: =IF(I21="0",NETWORKDAYS(G21,H21,$EO$3:$EO$11),"") | K21: 45968 | L21: 45978 | M21: =IF(K21<>0,IF(L21<>0,"0","1"),"") -> 0 | N21: =IF(M21="0",NETWORKDAYS(K21,L21,$CB$3:$CB$19),NETWORKDAYS(K21,'2025整理'!$S$1,$CB$3:$CB$19)) -> 7 | R21: =IF(Q21="0",NETWORKDAYS(O21,P21,$EO$3:$EO$10),"") | V21: =IF(U21="0",NETWORKDAYS(S21,T21,$EO$3:$EO$11),"") | Z21: =IF(Y21="0",NETWORKDAYS(W21,X21,$EO$3:$EO$11),"") | AD21: =IF(AC21="0",NETWORKDAYS(AA21,AB21,$EO$3:$EO$11),"") | AE21: 方明 | AF21: 方明 | AG21: 王志会 | AH21: 2069.79 | AI21: 2072.09 | AJ21: 2050.17 | AK21: 2052.45 | AL21: =IF(AND(AK21<>"",AJ21<>""),IF(AK21>AJ21,"核增",IF(AK21<AJ21,"核减","不变")),"") -> 核增 | AM21: =IF(AND(AI21<>"",AH21<>""),MAX(ABS(AI21),ABS(AH21))-MIN(ABS(AI21),ABS(AH21)),"") -> 2.3 | AN21: =IF(AND(AK21<>"",AJ21<>""),MAX(ABS(AK21),ABS(AJ21))-MIN(ABS(AK21),ABS(AJ21)),"") -> 2.28 | AU21: 2064.33 | AV21: 2001.15 | AW21: 2044.82 | AX21: 1982.17 | AY21: =IF(AND(AX21<>"",AW21<>""),IF(AX21>AW21,"核增",IF(AX21<AW21,"核减","不变")),"") -> 核减 | AZ21: =IF(AND(AX21<>"",AW21<>""),MAX(ABS(AX21),ABS(AW21))-MIN(ABS(AX21),ABS(AW21)),"") -> 62.65 | BA21: =IF(AND(AV21<>"",AI21<>""),IF(AV21>AI21,"核增",IF(AV21<AI21,"核减","不变")),"")&TEXT(IF(AND(AV21<>"",AI21<>""),MAX(ABS(AV21),ABS(AI21))-MIN(ABS(AV21),ABS(AI21)),""),"0.00") -> 核减70.94 | BZ21: =IF(AND(BX21<>"",BW21<>""),MAX(ABS(BX21),ABS(BW21))-MIN(ABS(BX21),ABS(BW21)),"")
A22: 220kV教育城输变电工程（第二分册） | B22: 工程院 | F22: =IF(E22="0",NETWORKDAYS(C22,D22,$EO$3:$EO$11),"") | J22: =IF(I22="0",NETWORKDAYS(G22,H22,$EO$3:$EO$11),"") | K22: 45720 | L22: 45748 | M22: =IF(K22<>0,IF(L22<>0,"0","1"),"") -> 0 | N22: =IF(M22="0",NETWORKDAYS(K22,L22,$EO$3:$EO$11),"") -> 21 | R22: =IF(Q22="0",NETWORKDAYS(O22,P22,$EO$3:$EO$10),"") | S22: 45986 | T22: 45992 | U22: =IF(S22<>0,IF(T22<>0,"0","1"),"") -> 0 | V22: =IF(U22="0",NETWORKDAYS(S22,T22,$CB$3:$CB$19),NETWORKDAYS(S22,'2025整理'!$S$1,$CB$3:$CB$19)) -> 5 | Z22: =IF(Y22="0",NETWORKDAYS(W22,X22,$EO$3:$EO$11),"") | AD22: =IF(AC22="0",NETWORKDAYS(AA22,AB22,$EO$3:$EO$11),"") | AE22: 方明 | AF22: 方明 | AG22: 陈伟哲 | AI22: 18415.79 | AK22: 18100.64 | AU22: 17998.21 | AV22: 17514.06 | AW22: 17720.42 | AX22: 17243.52 | AY22: =IF(AND(AX22<>"",AW22<>""),IF(AX22>AW22,"核增",IF(AX22<AW22,"核减","不变")),"") -> 核减 | AZ22: =IF(AND(AX22<>"",AW22<>""),MAX(ABS(AX22),ABS(AW22))-MIN(ABS(AX22),ABS(AW22)),"") -> 476.9 | BA22: =IF(AND(AV22<>"",AI22<>""),IF(AV22>AI22,"核增",IF(AV22<AI22,"核减","不变")),"")&TEXT(IF(AND(AV22<>"",AI22<>""),MAX(ABS(AV22),ABS(AI22))-MIN(ABS(AV22),ABS(AI22)),""),"0.00") -> 核减901.73 | BH22: 16543.52 | BI22: 16488.34 | BJ22: 16288.21 | BK22: 16260.78 | BL22: =IF(AND(BK22<>"",BJ22<>""),IF(BK22>BJ22,"核增",IF(BK22<BJ22,"核减","不变")),"") -> 核减 | BM22: =IF(AND(BK22<>"",BJ22<>""),MAX(ABS(BK22),ABS(BJ22))-MIN(ABS(BK22),ABS(BJ22)),"") -> 27.43 | BN22: =IF(AND(BI22<>"",AV22<>""),IF(BI22>AV22,"核增",IF(BI22<AV22,"核减","不变")),"")&TEXT(IF(AND(BI22<>"",AV22<>""),MAX(ABS(BI22),ABS(AV22))-MIN(ABS(BI22),ABS(AV22)),""),"0.00") -> 核减1025.72
A23: 110kV黄阁站扩建第三台主变工程 | B23: 汇隽院 | F23: =IF(E23="0",NETWORKDAYS(C23,D23,$EO$3:$EO$11),"") | I23: =IF(G23<>0,IF(H23<>0,"0","1"),"") | K23: 45908 | L23: 45916 | M23: =IF(K23<>0,IF(L23<>0,"0","1"),"") -> 0 | N23: =IF(M23="0",NETWORKDAYS(K23,L23,$CB$3:$CB$19),NETWORKDAYS(K23,'2025整理'!$S$1,$CB$3:$CB$19)) -> 7 | R23: =IF(Q23="0",NETWORKDAYS(O23,P23,$EO$3:$EO$10),"") | V23: =IF(U23="0",NETWORKDAYS(S23,T23,$EO$3:$EO$11),"") | Z23: =IF(Y23="0",NETWORKDAYS(W23,X23,$EO$3:$EO$11),"") | AD23: =IF(AC23="0",NETWORKDAYS(AA23,AB23,$EO$3:$EO$11),"") | AE23: 樊心田 | AF23: 樊心田 | AG23: 黄小珈 | AI23: 2230.56 | AK23: 2203.7 | AU23: 2451.64 | AV23: 2335.41 | AW23: 2425.39 | AX23: 2310.62 | AY23: =IF(AND(AX23<>"",AW23<>""),IF(AX23>AW23,"核增",IF(AX23<AW23,"核减","不变")),"") -> 核减 | AZ23: =IF(AND(AX23<>"",AW23<>""),MAX(ABS(AX23),ABS(AW23))-MIN(ABS(AX23),ABS(AW23)),"") -> 114.77 | BA23: =IF(AND(AV23<>"",AI23<>""),IF(AV23>AI23,"核增",IF(AV23<AI23,"核减","不变")),"")&TEXT(IF(AND(AV23<>"",AI23<>""),MAX(ABS(AV23),ABS(AI23))-MIN(ABS(AV23),ABS(AI23)),""),"0.00") -> 核增104.85
A24: 220kV康祥输变电工程 | B24: 工程院 | F24: =IF(E24="0",NETWORKDAYS(C24,D24,$EO$3:$EO$11),"") | J24: =IF(I24="0",NETWORKDAYS(G24,H24,$EO$3:$EO$11),"") | K24: 46052 | M24: =IF(K24<>0,IF(L24<>0,"0","1"),"") -> 1 | N24: =IF(M24="0",NETWORKDAYS(K24,L24,$CB$3:$CB$19),NETWORKDAYS(K24,'2025整理'!$S$1,$CB$3:$CB$19)) -> -25 | R24: =IF(Q24="0",NETWORKDAYS(O24,P24,$EO$3:$EO$10),"") | V24: =IF(U24="0",NETWORKDAYS(S24,T24,$EO$3:$EO$11),"") | Z24: =IF(Y24="0",NETWORKDAYS(W24,X24,$EO$3:$EO$11),"") | AD24: =IF(AC24="0",NETWORKDAYS(AA24,AB24,$EO$3:$EO$11),"") | AE24: 方明 | AF24: 方明 | AG24: 陈伟哲 | AI24: 51020.04 | AK24: 50082.96 | AY24: =IF(AND(AX24<>"",AW24<>""),IF(AX24>AW24,"核增",IF(AX24<AW24,"核减","不变")),"") | BZ24: =IF(AND(BX24<>"",BW24<>""),MAX(ABS(BX24),ABS(BW24))-MIN(ABS(BX24),ABS(BW24)),"")
A25: 220kV界观（大沥）输变电工程（第二分册） | B25: 工程院 | J25: =IF(I25="0",NETWORKDAYS(G25,H25,$EO$3:$EO$11),"") | K25: 45642 | L25: 45683 | M25: =IF(K25<>0,IF(L25<>0,"0","1"),"") -> 0 | N25: =IF(M25="0",NETWORKDAYS(K25,L25,$EO$3:$EO$11),"") -> 30 | R25: =IF(Q25="0",NETWORKDAYS(O25,P25,$EO$3:$EO$10),"") | S25: 45818 | T25: 45877 | U25: =IF(S25<>0,IF(T25<>0,"0","1"),"") -> 0 | V25: =IF(U25="0",NETWORKDAYS(S25,T25,$CB$3:$CB$19),"") -> 44 | Z25: =IF(Y25="0",NETWORKDAYS(W25,X25,$EO$3:$EO$11),"") | AD25: =IF(AC25="0",NETWORKDAYS(AA25,AB25,$EO$3:$EO$11),"") | AE25: 谢瑞莲 | AF25: 谢瑞莲 | AG25: 陈伟哲 | AI25: 28224.01 | AK25: 27738.41 | AL25: =IF(AND(AK25<>"",AJ25<>""),IF(AK25>AJ25,"核增",IF(AK25<AJ25,"核减","不变")),"") | AM25: =IF(AND(AI25<>"",AH25<>""),MAX(ABS(AI25),ABS(AH25))-MIN(ABS(AI25),ABS(AH25)),"") | AN25: =IF(AND(AK25<>"",AJ25<>""),MAX(ABS(AK25),ABS(AJ25))-MIN(ABS(AK25),ABS(AJ25)),"") | AU25: 32110.29 | AV25: 28893.64 | AW25: 31612.22 | AX25: 28445.25 | AY25: =IF(AND(AX25<>"",AW25<>""),IF(AX25>AW25,"核增",IF(AX25<AW25,"核减","不变")),"") -> 核减 | AZ25: =IF(AND(AX25<>"",AW25<>""),MAX(ABS(AX25),ABS(AW25))-MIN(ABS(AX25),ABS(AW25)),"") -> 3166.97 | BA25: =IF(AND(AV25<>"",AI25<>""),IF(AV25>AI25,"核增",IF(AV25<AI25,"核减","不变")),"")&TEXT(IF(AND(AV25<>"",AI25<>""),MAX(ABS(AV25),ABS(AI25))-MIN(ABS(AV25),ABS(AI25)),""),"0.00") -> 核增669.63 | BH25: 27329.2 | BI25: 26725.07 | BJ25: 26905.22 | BK25: 26310.18 | BL25: =IF(AND(BK25<>"",BJ25<>""),IF(BK25>BJ25,"核增",IF(BK25<BJ25,"核减","不变")),"") -> 核减 | BM25: =IF(AND(BK25<>"",BJ25<>""),MAX(ABS(BK25),ABS(BJ25))-MIN(ABS(BK25),ABS(BJ25)),"") -> 595.04 | BN25: =IF(AND(BI25<>"",AV25<>""),IF(BI25>AV25,"核增",IF(BI25<AV25,"核减","不变")),"")&TEXT(IF(AND(BI25<>"",AV25<>""),MAX(ABS(BI25),ABS(AV25))-MIN(ABS(BI25),ABS(AV25)),""),"0.00") -> 核减2168.57 | BZ25: =IF(AND(BX25<>"",BW25<>""),MAX(ABS(BX25),ABS(BW25))-MIN(ABS(BX25),ABS(BW25)),"")
A26: 110kV湖石（源北）输变电工程（土建分册） | B26: 工程院 | J26: =IF(I26="0",NETWORKDAYS(G26,H26,$EO$3:$EO$11),"") | K26: 45650 | L26: 45667 | M26: =IF(K26<>0,IF(L26<>0,"0","1"),"") -> 0 | N26: =IF(M26="0",NETWORKDAYS(K26,L26,$CB$3:$CB$19),"") -> 13 | R26: =IF(Q26="0",NETWORKDAYS(O26,P26,$EO$3:$EO$10),"") | S26: 45806 | T26: 45825 | U26: =IF(S26<>0,IF(T26<>0,"0","1"),"") -> 0 | V26: =IF(U26="0",NETWORKDAYS(S26,T26,$CB$3:$CB$19),"") -> 14 | Z26: =IF(Y26="0",NETWORKDAYS(W26,X26,$EO$3:$EO$11),"") | AD26: =IF(AC26="0",NETWORKDAYS(AA26,AB26,$EO$3:$EO$11),"") | AE26: 樊心田 | AF26: 樊心田 | AG26: - | AI26: 4150.12 | AK26: 4078.88 | AL26: =IF(AND(AK26<>"",AJ26<>""),IF(AK26>AJ26,"核增",IF(AK26<AJ26,"核减","不变")),"") | AM26: =IF(AND(AI26<>"",AH26<>""),MAX(ABS(AI26),ABS(AH26))-MIN(ABS(AI26),ABS(AH26)),"") | AN26: =IF(AND(AK26<>"",AJ26<>""),MAX(ABS(AK26),ABS(AJ26))-MIN(ABS(AK26),ABS(AJ26)),"") | AU26: 4138.69 | AV26: 4123.48 | AW26: 4074.64 | AX26: 4059.67 | AY26: =IF(AND(AX26<>"",AW26<>""),IF(AX26>AW26,"核增",IF(AX26<AW26,"核减","不变")),"") -> 核减 | AZ26: =IF(AND(AX26<>"",AW26<>""),MAX(ABS(AX26),ABS(AW26))-MIN(ABS(AX26),ABS(AW26)),"") -> 14.97 | BA26: =IF(AND(AV26<>"",AI26<>""),IF(AV26>AI26,"核增",IF(AV26<AI26,"核减","不变")),"")&TEXT(IF(AND(AV26<>"",AI26<>""),MAX(ABS(AV26),ABS(AI26))-MIN(ABS(AV26),ABS(AI26)),""),"0.00") -> 核减26.64 | BH26: 3543.86 | BI26: 3748.44 | BJ26: 3483.03 | BK26: 3684.1 | BL26: =IF(AND(BK26<>"",BJ26<>""),IF(BK26>BJ26,"核增",IF(BK26<BJ26,"核减","不变")),"") -> 核增 | BM26: =IF(AND(BK26<>"",BJ26<>""),MAX(ABS(BK26),ABS(BJ26))-MIN(ABS(BK26),ABS(BJ26)),"") -> 201.07 | BN26: =IF(AND(BI26<>"",AV26<>""),IF(BI26>AV26,"核增",IF(BI26<AV26,"核减","不变")),"")&TEXT(IF(AND(BI26<>"",AV26<>""),MAX(ABS(BI26),ABS(AV26))-MIN(ABS(BI26),ABS(AV26)),""),"0.00") -> 核减375.04
A27: 110 kV中元输变电工程 | B27: 工程院 | F27: =IF(E27="0",NETWORKDAYS(C27,D27,$EO$3:$EO$11),"") | J27: =IF(I27="0",NETWORKDAYS(G27,H27,$EO$3:$EO$11),"") | K27: 45651 | L27: 45671 | M27: =IF(K27<>0,IF(L27<>0,"0","1"),"") -> 0 | N27: =IF(M27="0",NETWORKDAYS(K27,L27,$CB$3:$CB$19),"") -> 14 | S27: 45894 | T27: 45915 | U27: =IF(S27<>0,IF(T27<>0,"0","1"),"") -> 0 | V27: =IF(U27="0",NETWORKDAYS(S27,T27,$CB$3:$CB$19),"") -> 16 | AE27: 方明 | AF27: 方明 | AG27: 陈伟哲 | AI27: 11651.01 | AK27: 11451.05 | AU27: 10347.51 | AV27: 10503.94 | AW27: 10225.43 | AX27: 10362.78 | AY27: =IF(AND(AX27<>"",AW27<>""),IF(AX27>AW27,"核增",IF(AX27<AW27,"核减","不变")),"") -> 核增 | AZ27: =IF(AND(AX27<>"",AW27<>""),MAX(ABS(AX27),ABS(AW27))-MIN(ABS(AX27),ABS(AW27)),"") -> 137.35 | BA27: =IF(AND(AV27<>"",AI27<>""),IF(AV27>AI27,"核增",IF(AV27<AI27,"核减","不变")),"")&TEXT(IF(AND(AV27<>"",AI27<>""),MAX(ABS(AV27),ABS(AI27))-MIN(ABS(AV27),ABS(AI27)),""),"0.00") -> 核减1147.07 | BH27: 9277.03 | BI27: 9608.2 | BJ27: 9131.88 | BK27: 9459.51 | BL27: =IF(AND(BK27<>"",BJ27<>""),IF(BK27>BJ27,"核增",IF(BK27<BJ27,"核减","不变")),"") -> 核增 | BM27: =IF(AND(BK27<>"",BJ27<>""),MAX(ABS(BK27),ABS(BJ27))-MIN(ABS(BK27),ABS(BJ27)),"") -> 327.63 | BN27: =IF(AND(BI27<>"",AV27<>""),IF(BI27>AV27,"核增",IF(BI27<AV27,"核减","不变")),"")&TEXT(IF(AND(BI27<>"",AV27<>""),MAX(ABS(BI27),ABS(AV27))-MIN(ABS(BI27),ABS(AV27)),""),"0.00") -> 核减895.74
A28: 220kV蚌湖输变电工程（第二分册） | B28: 广州院 | I28: =IF(G28<>0,IF(H28<>0,"0","1"),"") | J28: =IF(I28="0",NETWORKDAYS(G28,H28,$EO$3:$EO$11),"") | K28: 45656 | L28: 45683 | M28: =IF(K28<>0,IF(L28<>0,"0","1"),"") -> 0 | N28: =IF(M28="0",NETWORKDAYS(K28,L28,$EO$3:$EO$11),"") -> 20 | Q28: =IF(O28<>0,IF(P28<>0,"0","1"),"") | R28: =IF(Q28="0",NETWORKDAYS(O28,P28,$EO$3:$EO$10),"") | S28: 45827 | T28: 45863 | U28: =IF(S28<>0,IF(T28<>0,"0","1"),"") -> 0 | V28: =IF(U28="0",NETWORKDAYS(S28,T28,$CB$3:$CB$19),"") -> 27 | Y28: =IF(W28<>0,IF(X28<>0,"0","1"),"") | Z28: =IF(Y28="0",NETWORKDAYS(W28,X28,$EO$3:$EO$11),"") | AC28: =IF(AA28<>0,IF(AB28<>0,"0","1"),"") | AD28: =IF(AC28="0",NETWORKDAYS(AA28,AB28,$EO$3:$EO$11),"") | AE28: 黄小珈 | AF28: - | AG28: 黄小珈 | AI28: 4700.57 | AK28: 4619.88 | AL28: =IF(AND(AK28<>"",AJ28<>""),IF(AK28>AJ28,"核增",IF(AK28<AJ28,"核减","不变")),"") | AM28: =IF(AND(AI28<>"",AH28<>""),MAX(ABS(AI28),ABS(AH28))-MIN(ABS(AI28),ABS(AH28)),"") | AN28: =IF(AND(AK28<>"",AJ28<>""),MAX(ABS(AK28),ABS(AJ28))-MIN(ABS(AK28),ABS(AJ28)),"") | AS28: =IF(AND(AR28<>"",AQ28<>""),IF(AR28>AQ28,"核增",IF(AR28<AQ28,"核减","不变")),"") | AT28: =IF(AND(AR28<>"",AQ28<>""),MAX(ABS(AR28),ABS(AQ28))-MIN(ABS(AR28),ABS(AQ28)),"") | AU28: 4462.28 | AV28: 4550.3 | AW28: 4393.23 | AX28: 4479.88 | AY28: =IF(AND(AX28<>"",AW28<>""),IF(AX28>AW28,"核增",IF(AX28<AW28,"核减","不变")),"") -> 核增 | AZ28: =IF(AND(AX28<>"",AW28<>""),MAX(ABS(AX28),ABS(AW28))-MIN(ABS(AX28),ABS(AW28)),"") -> 86.65 | BA28: =IF(AND(AV28<>"",AI28<>""),IF(AV28>AI28,"核增",IF(AV28<AI28,"核减","不变")),"")&TEXT(IF(AND(AV28<>"",AI28<>""),MAX(ABS(AV28),ABS(AI28))-MIN(ABS(AV28),ABS(AI28)),""),"0.00") -> 核减150.27 | BF28: =IF(AND(BE28<>"",BD28<>""),IF(BE28>BD28,"核增",IF(BE28<BD28,"核减","不变")),"") | BH28: 4109.42 | BI28: 4291.37 | BJ28: 4045.76 | BK28: 4224.96 | BL28: =IF(AND(BK28<>"",BJ28<>""),IF(BK28>BJ28,"核增",IF(BK28<BJ28,"核减","不变")),"") -> 核增 | BM28: =IF(AND(BK28<>"",BJ28<>""),MAX(ABS(BK28),ABS(BJ28))-MIN(ABS(BK28),ABS(BJ28)),"") -> 179.2 | BN28: =IF(AND(BI28<>"",AV28<>""),IF(BI28>AV28,"核增",IF(BI28<AV28,"核减","不变")),"")&TEXT(IF(AND(BI28<>"",AV28<>""),MAX(ABS(BI28),ABS(AV28))-MIN(ABS(BI28),ABS(AV28)),""),"0.00") -> 核减258.93 | BS28: =IF(AND(BR28<>"",BQ28<>""),IF(BR28>BQ28,"核增",IF(BR28<BQ28,"核减","不变")),"") | BT28: =IF(AND(BR28<>"",BQ28<>""),MAX(ABS(BR28),ABS(BQ28))-MIN(ABS(BR28),ABS(BQ28)),"") | BY28: =IF(AND(BX28<>"",BW28<>""),IF(BX28>BW28,"核增",IF(BX28<BW28,"核减","不变")),"") | BZ28: =IF(AND(BX28<>"",BW28<>""),MAX(ABS(BX28),ABS(BW28))-MIN(ABS(BX28),ABS(BW28)),"")
A29: 110kV广场输变电工程（电气分册） | B29: 汇隽院 | F29: =IF(E29="0",NETWORKDAYS(C29,D29,$EO$3:$EO$11),"") | J29: =IF(I29="0",NETWORKDAYS(G29,H29,$EO$3:$EO$11),"") | K29: 45712 | L29: 45720 | M29: =IF(K29<>0,IF(L29<>0,"0","1"),"") -> 0 | N29: =IF(M29="0",NETWORKDAYS(K29,L29,$EO$3:$EO$11),"") -> 7 | R29: =IF(Q29="0",NETWORKDAYS(O29,P29,$EO$3:$EO$10),"") | S29: 45877 | T29: 45888 | U29: =IF(S29<>0,IF(T29<>0,"0","1"),"") -> 0 | V29: =IF(U29="0",NETWORKDAYS(S29,T29,$CB$3:$CB$19),NETWORKDAYS(S29,'2025整理'!$S$1,$CB$3:$CB$19)) -> 8 | Z29: =IF(Y29="0",NETWORKDAYS(W29,X29,$EO$3:$EO$11),"") | AD29: =IF(AC29="0",NETWORKDAYS(AA29,AB29,$EO$3:$EO$11),"") | AE29: 樊心田 | AF29: 樊心田 | AG29: 陈伟哲 | AI29: 9318.27 | AK29: 9159.17 | AU29: 8789.4 | AV29: 9068.62 | AW29: 8654.04 | AX29: 8928.98 | AY29: =IF(AND(AX29<>"",AW29<>""),IF(AX29>AW29,"核增",IF(AX29<AW29,"核减","不变")),"") -> 核增 | AZ29: =IF(AND(AX29<>"",AW29<>""),MAX(ABS(AX29),ABS(AW29))-MIN(ABS(AX29),ABS(AW29)),"") -> 274.94 | BA29: =IF(AND(AV29<>"",AI29<>""),IF(AV29>AI29,"核增",IF(AV29<AI29,"核减","不变")),"")&TEXT(IF(AND(AV29<>"",AI29<>""),MAX(ABS(AV29),ABS(AI29))-MIN(ABS(AV29),ABS(AI29)),""),"0.00") -> 核减249.65 | BH29: 9060.94 | BI29: 9051.49 | BJ29: 8921.61 | BK29: 8912.25 | BL29: =IF(AND(BK29<>"",BJ29<>""),IF(BK29>BJ29,"核增",IF(BK29<BJ29,"核减","不变")),"") -> 核减 | BM29: =IF(AND(BK29<>"",BJ29<>""),MAX(ABS(BK29),ABS(BJ29))-MIN(ABS(BK29),ABS(BJ29)),"") -> 9.36 | BN29: =IF(AND(BI29<>"",AV29<>""),IF(BI29>AV29,"核增",IF(BI29<AV29,"核减","不变")),"")&TEXT(IF(AND(BI29<>"",AV29<>""),MAX(ABS(BI29),ABS(AV29))-MIN(ABS(BI29),ABS(AV29)),""),"0.00") -> 核减17.13 | BZ29: =IF(AND(BX29<>"",BW29<>""),MAX(ABS(BX29),ABS(BW29))-MIN(ABS(BX29),ABS(BW29)),"")
A30: 医药港110kV出线至冲口线路工程 | B30: 广州院 | J30: =IF(I30="0",NETWORKDAYS(G30,H30,$EO$3:$EO$11),"") | K30: 45776 | L30: 45777 | M30: =IF(K30<>0,IF(L30<>0,"0","1"),"") -> 0 | N30: =IF(M30="0",NETWORKDAYS(K30,L30,$EO$3:$EO$11),"") -> 2 | R30: =IF(Q30="0",NETWORKDAYS(O30,P30,$EO$3:$EO$10),"") | S30: 46017 | U30: =IF(S30<>0,IF(T30<>0,"0","1"),"") -> 1 | V30: =IF(U30="0",NETWORKDAYS(S30,T30,$CB$3:$CB$19),NETWORKDAYS(S30,'2025整理'!$S$1,$CB$3:$CB$19)) -> 2 | Z30: =IF(Y30="0",NETWORKDAYS(W30,X30,$EO$3:$EO$11),"") | AD30: =IF(AC30="0",NETWORKDAYS(AA30,AB30,$EO$3:$EO$11),"") | AE30: 黄小珈 | AF30: 方明 | AG30: 黄小珈 | AI30: 11930.84 | AK30: 11727.53 | AL30: =IF(AND(AK30<>"",AJ30<>""),IF(AK30>AJ30,"核增",IF(AK30<AJ30,"核减","不变")),"") | AM30: =IF(AND(AI30<>"",AH30<>""),MAX(ABS(AI30),ABS(AH30))-MIN(ABS(AI30),ABS(AH30)),"") | AN30: =IF(AND(AK30<>"",AJ30<>""),MAX(ABS(AK30),ABS(AJ30))-MIN(ABS(AK30),ABS(AJ30)),"") | AS30: =IF(AND(AR30<>"",AQ30<>""),IF(AR30>AQ30,"核增",IF(AR30<AQ30,"核减","不变")),"") | AT30: =IF(AND(AR30<>"",AQ30<>""),MAX(ABS(AR30),ABS(AQ30))-MIN(ABS(AR30),ABS(AQ30)),"") | AU30: 12199.39 | AV30: 12454.12 | AW30: 12012.58 | AX30: 12262.73 | AY30: =IF(AND(AX30<>"",AW30<>""),IF(AX30>AW30,"核增",IF(AX30<AW30,"核减","不变")),"") -> 核增 | AZ30: =IF(AND(AX30<>"",AW30<>""),MAX(ABS(AX30),ABS(AW30))-MIN(ABS(AX30),ABS(AW30)),"") -> 250.15 | BA30: =IF(AND(AV30<>"",AI30<>""),IF(AV30>AI30,"核增",IF(AV30<AI30,"核减","不变")),"")&TEXT(IF(AND(AV30<>"",AI30<>""),MAX(ABS(AV30),ABS(AI30))-MIN(ABS(AV30),ABS(AI30)),""),"0.00") -> 核增523.28 | BF30: =IF(AND(BE30<>"",BD30<>""),IF(BE30>BD30,"核增",IF(BE30<BD30,"核减","不变")),"") | BL30: =IF(AND(BK30<>"",BJ30<>""),IF(BK30>BJ30,"核增",IF(BK30<BJ30,"核减","不变")),"") | BM30: =IF(AND(BK30<>"",BJ30<>""),MAX(ABS(BK30),ABS(BJ30))-MIN(ABS(BK30),ABS(BJ30)),"") | BN30: =IF(AND(BI30<>"",AV30<>""),IF(BI30>AV30,"核增",IF(BI30<AV30,"核减","不变")),"")&TEXT(IF(AND(BI30<>"",AV30<>""),MAX(ABS(BI30),ABS(AV30))-MIN(ABS(BI30),ABS(AV30)),""),"0.00") | BS30: =IF(AND(BR30<>"",BQ30<>""),IF(BR30>BQ30,"核增",IF(BR30<BQ30,"核减","不变")),"") | BT30: =IF(AND(BR30<>"",BQ30<>""),MAX(ABS(BR30),ABS(BQ30))-MIN(ABS(BR30),ABS(BQ30)),"") | BY30: =IF(AND(BX30<>"",BW30<>""),IF(BX30>BW30,"核增",IF(BX30<BW30,"核减","不变")),"")
A31: 110kV南景园输变电工程（电气分册） | B31: 工程院 | C31: 45877 | D31: 45916 | E31: =IF(C31<>0,IF(D31<>0,"0","1"),"") -> 0 | F31: =IF(E31="0",NETWORKDAYS(C31,D31,$CB$3:$CB$19),NETWORKDAYS(C31,'2025整理'!$S$1,$CB$3:$CB$19)) -> 28 | I31: =IF(G31<>0,IF(H31<>0,"0","1"),"") | K31: 46009 | M31: =IF(K31<>0,IF(L31<>0,"0","1"),"") -> 1 | N31: =IF(M31="0",NETWORKDAYS(K31,L31,$CB$3:$CB$19),NETWORKDAYS(K31,'2025整理'!$S$1,$CB$3:$CB$19)) -> 8 | R31: =IF(Q31="0",NETWORKDAYS(O31,P31,$EO$3:$EO$10),"") | V31: =IF(U31="0",NETWORKDAYS(S31,T31,$EO$3:$EO$11),"") | Z31: =IF(Y31="0",NETWORKDAYS(W31,X31,$EO$3:$EO$11),"") | AD31: =IF(AC31="0",NETWORKDAYS(AA31,AB31,$EO$3:$EO$11),"") | AE31: 方明 | AF31: 方明 | AG31: 黄小珈 | AH31: 10614.23 | AI31: 10744.17 | AJ31: 10432.73 | AK31: 10561.23 | AL31: =IF(AND(AK31<>"",AJ31<>""),IF(AK31>AJ31,"核增",IF(AK31<AJ31,"核减","不变")),"") -> 核增 | AM31: =IF(AND(AI31<>"",AH31<>""),MAX(ABS(AI31),ABS(AH31))-MIN(ABS(AI31),ABS(AH31)),"") -> 129.94 | AN31: =IF(AND(AK31<>"",AJ31<>""),MAX(ABS(AK31),ABS(AJ31))-MIN(ABS(AK31),ABS(AJ31)),"") -> 128.5 | AY31: =IF(AND(AX31<>"",AW31<>""),IF(AX31>AW31,"核增",IF(AX31<AW31,"核减","不变")),"")
A32: 110kV智信输变电工程 | B32: 工程院 | F32: =IF(E32="0",NETWORKDAYS(C32,D32,$EO$3:$EO$11),"") | J32: =IF(I32="0",NETWORKDAYS(G32,H32,$EO$3:$EO$11),"") | S32: 46052 | U32: =IF(S32<>0,IF(T32<>0,"0","1"),"") -> 1 | V32: =IF(U32="0",NETWORKDAYS(S32,T32,$CB$3:$CB$19),NETWORKDAYS(S32,'2025整理'!$S$1,$CB$3:$CB$19)) -> -25 | AE32: 方明 | AF32: 方明 | AG32: 陈伟哲 | AY32: =IF(AND(AX32<>"",AW32<>""),IF(AX32>AW32,"核增",IF(AX32<AW32,"核减","不变")),"")
A33: 梨园变电站对侧及线路第二分册（嘉禾侧） | B33: 广州院 | F33: =IF(E33="0",NETWORKDAYS(C33,D33,$EO$3:$EO$11),"") | J33: =IF(I33="0",NETWORKDAYS(G33,H33,$EO$3:$EO$11),"") | S33: 45818 | T33: 45826 | U33: =IF(S33<>0,IF(T33<>0,"0","1"),"") -> 0 | V33: =IF(U33="0",NETWORKDAYS(S33,T33,$CB$3:$CB$19),"") -> 7 | AE33: 方明 | AF33: 方明 | AG33: 陈伟哲 | AV33: 21296.6 | AX33: 20970.45 | AY33: =IF(AND(AX33<>"",AW33<>""),IF(AX33>AW33,"核增",IF(AX33<AW33,"核减","不变")),"") | BH33: 19215.53 | BI33: 15906.16 | BJ33: 18905.26 | BK33: 15651.02 | BL33: =IF(AND(BK33<>"",BJ33<>""),IF(BK33>BJ33,"核增",IF(BK33<BJ33,"核减","不变")),"") -> 核减 | BM33: =IF(AND(BK33<>"",BJ33<>""),MAX(ABS(BK33),ABS(BJ33))-MIN(ABS(BK33),ABS(BJ33)),"") -> 3254.24 | BN33: =IF(AND(BI33<>"",AV33<>""),IF(BI33>AV33,"核增",IF(BI33<AV33,"核减","不变")),"")&TEXT(IF(AND(BI33<>"",AV33<>""),MAX(ABS(BI33),ABS(AV33))-MIN(ABS(BI33),ABS(AV33)),""),"0.00") -> 核减5390.44
A34: 110kV板头输变电工程(变电站部分) | B34: 汇隽院 | F34: =IF(E34="0",NETWORKDAYS(C34,D34,$EO$3:$EO$11),"") | I34: =IF(G34<>0,IF(H34<>0,"0","1"),"") | J34: =IF(I34="0",NETWORKDAYS(G34,H34,$EO$3:$EO$11),"") | R34: =IF(Q34="0",NETWORKDAYS(O34,P34,$EO$3:$EO$10),"") | S34: 45648 | T34: 45667 | U34: =IF(S34<>0,IF(T34<>0,"0","1"),"") -> 0 | V34: =IF(U34="0",NETWORKDAYS(S34,T34,$CB$3:$CB$19),"") -> 14 | Z34: =IF(Y34="0",NETWORKDAYS(S34,T34,$EO$3:$EO$11),"") | AD34: =IF(AC34="0",NETWORKDAYS(AA34,AB34,$EO$3:$EO$11),"") | AE34: 方明 | AF34: 方明 | AG34: 陈伟哲 | AI34: 12366 | AK34: 12146 | AS34: =IF(AND(AR34<>"",AQ34<>""),IF(AR34>AQ34,"核增",IF(AR34<AQ34,"核减","不变")),"") | AT34: =IF(AND(AR34<>"",AQ34<>""),MAX(ABS(AR34),ABS(AQ34))-MIN(ABS(AR34),ABS(AQ34)),"") | AV34: 14607.59 | AX34: 14381.67 | AY34: =IF(AND(AX34<>"",AW34<>""),IF(AX34>AW34,"核增",IF(AX34<AW34,"核减","不变")),"") | AZ34: =IF(AND(AX34<>"",AW34<>""),MAX(ABS(AX34),ABS(AW34))-MIN(ABS(AX34),ABS(AW34)),"") | BH34: 14843.17 | BI34: 14194.54 | BJ34: 14613.59 | BK34: 13975.01 | BL34: =IF(AND(BK34<>"",BJ34<>""),IF(BK34>BJ34,"核增",IF(BK34<BJ34,"核减","不变")),"") -> 核减 | BM34: =IF(AND(BK34<>"",BJ34<>""),MAX(ABS(BK34),ABS(BJ34))-MIN(ABS(BK34),ABS(BJ34)),"") -> 638.58 | BN34: =IF(AND(BI34<>"",AV34<>""),IF(BI34>AV34,"核增",IF(BI34<AV34,"核减","不变")),"")&TEXT(IF(AND(BI34<>"",AV34<>""),MAX(ABS(BI34),ABS(AV34))-MIN(ABS(BI34),ABS(AV34)),""),"0.00") -> 核减413.05
A35: 110kV白沙（良沙）输变电工程 | B35: 广州院 | I35: =IF(G35<>0,IF(H35<>0,"0","1"),"") | J35: =IF(I35="0",NETWORKDAYS(G35,H35,$EO$3:$EO$11),"") | Q35: =IF(O35<>0,IF(P35<>0,"0","1"),"") | R35: =IF(Q35="0",NETWORKDAYS(O35,P35,$EO$3:$EO$10),"") | S35: 45716 | T35: 45719 | U35: =IF(S35<>0,IF(T35<>0,"0","1"),"") -> 0 | V35: =IF(U35="0",NETWORKDAYS(S35,T35,$CB$3:$CB$19),"") -> 2 | AC35: =IF(AA35<>0,IF(AB35<>0,"0","1"),"") | AD35: =IF(AC35="0",NETWORKDAYS(AA35,AB35,$EO$3:$EO$11),"") | AE35: 方明 | AF35: 方明 | AG35: 陈伟哲 | AI35: 18165.74 | AK35: 17854.02 | AL35: =IF(AND(AK35<>"",AJ35<>""),IF(AK35>AJ35,"核增",IF(AK35<AJ35,"核减","不变")),"") | AM35: =IF(AND(AI35<>"",AH35<>""),MAX(ABS(AI35),ABS(AH35))-MIN(ABS(AI35),ABS(AH35)),"") | AN35: =IF(AND(AK35<>"",AJ35<>""),MAX(ABS(AK35),ABS(AJ35))-MIN(ABS(AK35),ABS(AJ35)),"") | AS35: =IF(AND(AR35<>"",AQ35<>""),IF(AR35>AQ35,"核增",IF(AR35<AQ35,"核减","不变")),"") | AT35: =IF(AND(AR35<>"",AQ35<>""),MAX(ABS(AR35),ABS(AQ35))-MIN(ABS(AR35),ABS(AQ35)),"") | AV35: 17618.6 | AX35: 17331.58 | AY35: =IF(AND(AX35<>"",AW35<>""),IF(AX35>AW35,"核增",IF(AX35<AW35,"核减","不变")),"") | AZ35: =IF(AND(AX35<>"",AW35<>""),MAX(ABS(AX35),ABS(AW35))-MIN(ABS(AX35),ABS(AW35)),"") | BF35: =IF(AND(BE35<>"",BD35<>""),IF(BE35>BD35,"核增",IF(BE35<BD35,"核减","不变")),"") | BH35: 17618.6 | BI35: 16407.33 | BJ35: 16036.19 | BK35: 16153.49 | BL35: =IF(AND(BK35<>"",BJ35<>""),IF(BK35>BJ35,"核增",IF(BK35<BJ35,"核减","不变")),"") -> 核增 | BM35: =IF(AND(BK35<>"",BJ35<>""),MAX(ABS(BK35),ABS(BJ35))-MIN(ABS(BK35),ABS(BJ35)),"") -> 117.3 | BN35: =IF(AND(BI35<>"",AV35<>""),IF(BI35>AV35,"核增",IF(BI35<AV35,"核减","不变")),"")&TEXT(IF(AND(BI35<>"",AV35<>""),MAX(ABS(BI35),ABS(AV35))-MIN(ABS(BI35),ABS(AV35)),""),"0.00") -> 核减1211.27 | BS35: =IF(AND(BR35<>"",BQ35<>""),IF(BR35>BQ35,"核增",IF(BR35<BQ35,"核减","不变")),"") | BT35: =IF(AND(BR35<>"",BQ35<>""),MAX(ABS(BR35),ABS(BQ35))-MIN(ABS(BR35),ABS(BQ35)),"") | BY35: =IF(AND(BX35<>"",BW35<>""),IF(BX35>BW35,"核增",IF(BX35<BW35,"核减","不变")),"")
A36: 110千伏中市输变电工程（土建分册） | B36: 工程院 | F36: =IF(E36="0",NETWORKDAYS(C36,D36,$EO$3:$EO$11),"") | J36: =IF(I36="0",NETWORKDAYS(G36,H36,$EO$3:$EO$11),"") | R36: =IF(Q36="0",NETWORKDAYS(O36,P36,$EO$3:$EO$10),"") | S36: 45666 | T36: 45679 | U36: =IF(S36<>0,IF(T36<>0,"0","1"),"") -> 0 | V36: =IF(U36="0",NETWORKDAYS(S36,T36,$CB$3:$CB$19),"") -> 10 | Z36: =IF(Y36="0",NETWORKDAYS(S36,T36,$EO$3:$EO$11),"") | AD36: =IF(AC36="0",NETWORKDAYS(AA36,AB36,$EO$3:$EO$11),"") | AE36: 樊心田 | AF36: 樊心田 | AG36: - | AI36: 3822.38 | AK36: 3756.77 | AV36: 3727.74 | AX36: 3670.55 | AY36: =IF(AND(AX36<>"",AW36<>""),IF(AX36>AW36,"核增",IF(AX36<AW36,"核减","不变")),"") | AZ36: =IF(AND(AX36<>"",AW36<>""),MAX(ABS(AX36),ABS(AW36))-MIN(ABS(AX36),ABS(AW36)),"") | BH36: 3579.83 | BI36: 3544.96 | BJ36: 3524.93 | BK36: 3490.6 | BL36: =IF(AND(BK36<>"",BJ36<>""),IF(BK36>BJ36,"核增",IF(BK36<BJ36,"核减","不变")),"") -> 核减 | BM36: =IF(AND(BK36<>"",BJ36<>""),MAX(ABS(BK36),ABS(BJ36))-MIN(ABS(BK36),ABS(BJ36)),"") -> 34.33 | BN36: =IF(AND(BI36<>"",AV36<>""),IF(BI36>AV36,"核增",IF(BI36<AV36,"核减","不变")),"")&TEXT(IF(AND(BI36<>"",AV36<>""),MAX(ABS(BI36),ABS(AV36))-MIN(ABS(BI36),ABS(AV36)),""),"0.00") -> 核减182.78
A37: 110kV群结输变电工程（土建分册） | B37: 汇隽院 | J37: =IF(I37="0",NETWORKDAYS(G37,H37,$EO$3:$EO$42),"") | N37: =IF(M37="0",NETWORKDAYS(K37,L37,$EO$3:$EO$42),"") | S37: 45671 | T37: 45684 | U37: =IF(S37<>0,IF(T37<>0,"0","1"),"") -> 0 | V37: =IF(U37="0",NETWORKDAYS(S37,T37,$CB$3:$CB$19),"") -> 10 | Z37: =IF(Y37="0",NETWORKDAYS(S37,T37,$EO$3:$EO$42),"") | AD37: =IF(AC37="0",NETWORKDAYS(AA37,AB37,$EO$3:$EO$42),"") | AE37: 樊心田 | AF37: 樊心田 | AG37: - | AS37: =IF(AND(AR37<>"",AQ37<>""),IF(AR37>AQ37,"核增",IF(AR37<AQ37,"核减","不变")),"") | AT37: =IF(AND(AR37<>"",AQ37<>""),MAX(ABS(AR37),ABS(AQ37))-MIN(ABS(AR37),ABS(AQ37)),"") | AV37: 4716.95 | AX37: 4643.95 | AY37: =IF(AND(AX37<>"",AW37<>""),IF(AX37>AW37,"核增",IF(AX37<AW37,"核减","不变")),"") | AZ37: =IF(AND(AX37<>"",AW37<>""),MAX(ABS(AX37),ABS(AW37))-MIN(ABS(AX37),ABS(AW37)),"") | BF37: =IF(AND(BE37<>"",BD37<>""),IF(BE37>BD37,"核增",IF(BE37<BD37,"核减","不变")),"") | BG37: =IF(AND(BE37<>"",BD37<>""),MAX(ABS(BE37),ABS(BD37))-MIN(ABS(BE37),ABS(BD37)),"") | BH37: 4654.21 | BI37: 4490.48 | BJ37: 4582.19 | BK37: 4420.99 | BL37: =IF(AND(BK37<>"",BJ37<>""),IF(BK37>BJ37,"核增",IF(BK37<BJ37,"核减","不变")),"") -> 核减 | BM37: =IF(AND(BK37<>"",BJ37<>""),MAX(ABS(BK37),ABS(BJ37))-MIN(ABS(BK37),ABS(BJ37)),"") -> 161.2 | BN37: =IF(AND(BI37<>"",AV37<>""),IF(BI37>AV37,"核增",IF(BI37<AV37,"核减","不变")),"")&TEXT(IF(AND(BI37<>"",AV37<>""),MAX(ABS(BI37),ABS(AV37))-MIN(ABS(BI37),ABS(AV37)),""),"0.00") -> 核减226.47
A38: 110kV较场站第三台主变扩建工程 | B38: 广州院 | J38: =IF(I38="0",NETWORKDAYS(G38,H38,$EO$3:$EO$11),"") | R38: =IF(Q38="0",NETWORKDAYS(O38,P38,$EO$3:$EO$10),"") | S38: 45705 | T38: 45713 | U38: =IF(S38<>0,IF(T38<>0,"0","1"),"") -> 0 | V38: =IF(U38="0",NETWORKDAYS(S38,T38,$CB$3:$CB$19),"") -> 7 | Z38: =IF(Y38="0",NETWORKDAYS(S38,T38,$EO$3:$EO$11),"") | AD38: =IF(AC38="0",NETWORKDAYS(AA38,AB38,$EO$3:$EO$11),"") | AE38: 樊心田 | AF38: 樊心田 | AG38: 陈伟哲 | AI38: 4559.13 | AK38: 4492.22 | AL38: =IF(AND(AK38<>"",AJ38<>""),IF(AK38>AJ38,"核增",IF(AK38<AJ38,"核减","不变")),"") | AM38: =IF(AND(AI38<>"",AH38<>""),MAX(ABS(AI38),ABS(AH38))-MIN(ABS(AI38),ABS(AH38)),"") | AN38: =IF(AND(AK38<>"",AJ38<>""),MAX(ABS(AK38),ABS(AJ38))-MIN(ABS(AK38),ABS(AJ38)),"") | AS38: =IF(AND(AR38<>"",AQ38<>""),IF(AR38>AQ38,"核增",IF(AR38<AQ38,"核减","不变")),"") | AT38: =IF(AND(AR38<>"",AQ38<>""),MAX(ABS(AR38),ABS(AQ38))-MIN(ABS(AR38),ABS(AQ38)),"") | AV38: 4516.9 | AX38: 4457.14 | AY38: =IF(AND(AX38<>"",AW38<>""),IF(AX38>AW38,"核增",IF(AX38<AW38,"核减","不变")),"") | AZ38: =IF(AND(AX38<>"",AW38<>""),MAX(ABS(AX38),ABS(AW38))-MIN(ABS(AX38),ABS(AW38)),"") | BF38: =IF(AND(BE38<>"",BD38<>""),IF(BE38>BD38,"核增",IF(BE38<BD38,"核减","不变")),"") | BH38: 3758.78 | BI38: 4101.32 | BJ38: 3710.08 | BK38: 4047.45 | BL38: =IF(AND(BK38<>"",BJ38<>""),IF(BK38>BJ38,"核增",IF(BK38<BJ38,"核减","不变")),"") -> 核增 | BM38: =IF(AND(BK38<>"",BJ38<>""),MAX(ABS(BK38),ABS(BJ38))-MIN(ABS(BK38),ABS(BJ38)),"") -> 337.37 | BN38: =IF(AND(BI38<>"",AV38<>""),IF(BI38>AV38,"核增",IF(BI38<AV38,"核减","不变")),"")&TEXT(IF(AND(BI38<>"",AV38<>""),MAX(ABS(BI38),ABS(AV38))-MIN(ABS(BI38),ABS(AV38)),""),"0.00") -> 核减415.58 | BS38: =IF(AND(BR38<>"",BQ38<>""),IF(BR38>BQ38,"核增",IF(BR38<BQ38,"核减","不变")),"") | BT38: =IF(AND(BR38<>"",BQ38<>""),MAX(ABS(BR38),ABS(BQ38))-MIN(ABS(BR38),ABS(BQ38)),"") | BY38: =IF(AND(BX38<>"",BW38<>""),IF(BX38>BW38,"核增",IF(BX38<BW38,"核减","不变")),"")
A39: 220kV伟业输变电工程（土建分册） | B39: 工程院 | F39: =IF(E39="0",NETWORKDAYS(C39,D39,$EO$3:$EO$11),"") | J39: =IF(I39="0",NETWORKDAYS(G39,H39,$EO$3:$EO$11),"") | R39: =IF(Q39="0",NETWORKDAYS(O39,P39,$EO$3:$EO$10),"") | S39: 45678 | T39: 45683 | U39: =IF(S39<>0,IF(T39<>0,"0","1"),"") -> 0 | V39: =IF(U39="0",NETWORKDAYS(S39,T39,$CB$3:$CB$19),"") -> 4 | Z39: =IF(Y39="0",NETWORKDAYS(S39,T39,$EO$3:$EO$11),"") | AD39: =IF(AC39="0",NETWORKDAYS(AA39,AB39,$EO$3:$EO$11),"") | AE39: 樊心田 | AF39: 樊心田 | AG39: - | AI39: 8250.75 | AK39: 8099.19 | AV39: 7652.97 | AX39: 7526.22 | AY39: =IF(AND(AX39<>"",AW39<>""),IF(AX39>AW39,"核增",IF(AX39<AW39,"核减","不变")),"") | AZ39: =IF(AND(AX39<>"",AW39<>""),MAX(ABS(AX39),ABS(AW39))-MIN(ABS(AX39),ABS(AW39)),"") | BH39: 7810.61 | BI39: 7617.84 | BJ39: 7681.25 | BK39: 7491.67 | BL39: =IF(AND(BK39<>"",BJ39<>""),IF(BK39>BJ39,"核增",IF(BK39<BJ39,"核减","不变")),"") -> 核减 | BM39: =IF(AND(BK39<>"",BJ39<>""),MAX(ABS(BK39),ABS(BJ39))-MIN(ABS(BK39),ABS(BJ39)),"") -> 189.58 | BN39: =IF(AND(BI39<>"",AV39<>""),IF(BI39>AV39,"核增",IF(BI39<AV39,"核减","不变")),"")&TEXT(IF(AND(BI39<>"",AV39<>""),MAX(ABS(BI39),ABS(AV39))-MIN(ABS(BI39),ABS(AV39)),""),"0.00") -> 核减35.13 | BZ39: =IF(AND(BX39<>"",BW39<>""),MAX(ABS(BX39),ABS(BW39))-MIN(ABS(BX39),ABS(BW39)),"")
A40: 面向特大城市电网能源互联网示范项目（110kV尖峰变电站二期配套工程） | B40: 省院 | E40: =IF(C40<>0,IF(D40<>0,"0","1"),"") | F40: =IF(E40="0",NETWORKDAYS(C40,D40,$EO$3:$EO$11),"") | I40: =IF(G40<>0,IF(H40<>0,"0","1"),"") | J40: =IF(I40="0",NETWORKDAYS(G40,H40,$EO$3:$EO$11),"") | N40: =IF(M40="0",NETWORKDAYS(K40,L40,$EO$3:$EO$11),"") | Q40: =IF(O40<>0,IF(P40<>0,"0","1"),"") | R40: =IF(Q40="0",NETWORKDAYS(O40,P40,$EO$3:$EO$10),"") | S40: 45839 | T40: 45856 | U40: =IF(S40<>0,IF(T40<>0,"0","1"),"") -> 0 | V40: =IF(U40="0",NETWORKDAYS(S40,T40,$CB$3:$CB$19),"") -> 14 | AC40: =IF(AA40<>0,IF(AB40<>0,"0","1"),"") | AD40: =IF(AC40="0",NETWORKDAYS(AA40,AB40,$EO$3:$EO$11),"") | AE40: 方明 | AF40: 方明 | AG40: - | AI40: 14502 | AK40: 14253 | AP40: 19059.14 | AR40: 18922.56 | AS40: =IF(AND(AR40<>"",AQ40<>""),IF(AR40>AQ40,"核增",IF(AR40<AQ40,"核减","不变")),"") | AT40: =IF(AND(AR40<>"",AQ40<>""),MAX(ABS(AR40),ABS(AQ40))-MIN(ABS(AR40),ABS(AQ40)),"") | AV40: 8466.43 | AX40: 8466.43 | AY40: =IF(AND(AX40<>"",AW40<>""),IF(AX40>AW40,"核增",IF(AX40<AW40,"核减","不变")),"") | BC40: 18632.46 | BE40: 18586.77 | BF40: =IF(AND(BE40<>"",BD40<>""),IF(BE40>BD40,"核增",IF(BE40<BD40,"核减","不变")),"") | BG40: =IF(AND(BE40<>"",BD40<>""),MAX(ABS(BE40),ABS(BD40))-MIN(ABS(BE40),ABS(BD40)),"") | BH40: 8456.78 | BI40: 8456.78 | BJ40: 8456.78 | BK40: 8456.78 | BL40: =IF(AND(BK40<>"",BJ40<>""),IF(BK40>BJ40,"核增",IF(BK40<BJ40,"核减","不变")),"") -> 不变 | BM40: =IF(AND(BK40<>"",BJ40<>""),MAX(ABS(BK40),ABS(BJ40))-MIN(ABS(BK40),ABS(BJ40)),"") -> 0 | BN40: =IF(AND(BI40<>"",AV40<>""),IF(BI40>AV40,"核增",IF(BI40<AV40,"核减","不变")),"")&TEXT(IF(AND(BI40<>"",AV40<>""),MAX(ABS(BI40),ABS(AV40))-MIN(ABS(BI40),ABS(AV40)),""),"0.00") -> 核减9.65
A41: 220kV医药港-泮塘线路工程 | B41: 广州院 | E41: =IF(C41<>0,IF(D41<>0,"0","1"),"") | F41: =IF(E41="0",NETWORKDAYS(C41,D41,$EO$3:$EO$11),"") | I41: =IF(G41<>0,IF(H41<>0,"0","1"),"") | J41: =IF(I41="0",NETWORKDAYS(G41,H41,$EO$3:$EO$11),"") | M41: =IF(K41<>0,IF(L41<>0,"0","1"),"") | N41: =IF(M41="0",NETWORKDAYS(K41,L41,$EO$3:$EO$11),"") | O41: 45910 | P41: 45918 | Q41: =IF(O41<>0,IF(P41<>0,"0","1"),"") -> 0 | R41: =IF(Q41="0",NETWORKDAYS(O41,P41,$EO$3:$EO$10),"") -> 7 | V41: =IF(U41="0",NETWORKDAYS(#REF!,#REF!,$EO$3:$EO$11),"") | W41: 45970 | X41: 45985 | Y41: =IF(W41<>0,IF(X41<>0,"0","1"),"") -> 0 | Z41: =IF(Y41="0",NETWORKDAYS(W41,X41,$EO$3:$EO$11),"") -> 11 | AA41: 45721 | AB41: 45728 | AC41: =IF(AA41<>0,IF(AB41<>0,"0","1"),"") -> 0 | AD41: =IF(AC41="0",NETWORKDAYS(AA41,AB41,$EO$3:$EO$11),"") -> 6 | AE41: 陈伟哲 | AF41: 谢瑞莲 | AG41: 陈伟哲 | AI41: 34536.61 | AK41: 33933.16 | AL41: =IF(AND(AK41<>"",AJ41<>""),IF(AK41>AJ41,"核增",IF(AK41<AJ41,"核减","不变")),"") | AM41: =IF(AND(AI41<>"",AH41<>""),MAX(ABS(AI41),ABS(AH41))-MIN(ABS(AI41),ABS(AH41)),"") | AN41: =IF(AND(AK41<>"",AJ41<>""),MAX(ABS(AK41),ABS(AJ41))-MIN(ABS(AK41),ABS(AJ41)),"") | AP41: 41635.86 | AR41: 40903 | AS41: =IF(AND(AR41<>"",AQ41<>""),IF(AR41>AQ41,"核增",IF(AR41<AQ41,"核减","不变")),"") | AT41: =IF(AND(AR41<>"",AQ41<>""),MAX(ABS(AR41),ABS(AQ41))-MIN(ABS(AR41),ABS(AQ41)),"") | AY41: =IF(AND(AX41<>"",AW41<>""),IF(AX41>AW41,"核增",IF(AX41<AW41,"核减","不变")),"") | AZ41: =IF(AND(AX41<>"",AW41<>""),MAX(ABS(AX41),ABS(AW41))-MIN(ABS(AX41),ABS(AW41)),"") | BA41: =IF(AND(AV41<>"",AI41<>""),IF(AV41>AI41,"核增",IF(AV41<AI41,"核减","不变")),"")&TEXT(IF(AND(AV41<>"",AI41<>""),MAX(ABS(AV41),ABS(AI41))-MIN(ABS(AV41),ABS(AI41)),""),"0.00") | BB41: 41162.25 | BC41: 41038.57 | BD41: 40443.87 | BE41: 40376.41 | BF41: =IF(AND(BE41<>"",BD41<>""),IF(BE41>BD41,"核增",IF(BE41<BD41,"核减","不变")),"") -> 核减 | BG41: =IF(AND(BE41<>"",BD41<>""),MAX(ABS(BE41),ABS(BD41))-MIN(ABS(BE41),ABS(BD41)),"") -> 67.46 | BL41: =IF(AND(BK41<>"",BJ41<>""),IF(BK41>BJ41,"核增",IF(BK41<BJ41,"核减","不变")),"") | BM41: =IF(AND(BK41<>"",BJ41<>""),MAX(ABS(BK41),ABS(BJ41))-MIN(ABS(BK41),ABS(BJ41)),"") | BN41: =IF(AND(BI41<>"",AV41<>""),IF(BI41>AV41,"核增",IF(BI41<AV41,"核减","不变")),"")&TEXT(IF(AND(BI41<>"",AV41<>""),MAX(ABS(BI41),ABS(AV41))-MIN(ABS(BI41),ABS(AV41)),""),"0.00") | BO41: 40089.97 | BP41: 40089.97 | BQ41: 39444.09 | BR41: 39444.09 | BS41: =IF(AND(BR41<>"",BQ41<>""),IF(BR41>BQ41,"核增",IF(BR41<BQ41,"核减","不变")),"") -> 不变 | BT41: =IF(AND(BR41<>"",BQ41<>""),MAX(ABS(BR41),ABS(BQ41))-MIN(ABS(BR41),ABS(BQ41)),"") -> 0 | BU41: 371.73 | BV41: 371.73 | BW41: 371.73 | BX41: 371.73 | BY41: =IF(AND(BX41<>"",BW41<>""),IF(BX41>BW41,"核增",IF(BX41<BW41,"核减","不变")),"") -> 不变 | BZ41: =IF(AND(BX41<>"",BW41<>""),MAX(ABS(BX41),ABS(BW41))-MIN(ABS(BX41),ABS(BW41)),"") -> 0
A42: 110kV小埗输变电工程（土建分册） | B42: 广州院 | F42: =IF(E42="0",NETWORKDAYS(C42,D42,$EO$3:$EO$11),"") | J42: =IF(I42="0",NETWORKDAYS(G42,H42,$EO$3:$EO$11),"") | N42: =IF(M42="0",NETWORKDAYS(K42,L42,$EO$3:$EO$11),"") | R42: =IF(Q42="0",NETWORKDAYS(O42,P42,$EO$3:$EO$10),"") | V42: =IF(U42="0",NETWORKDAYS(#REF!,#REF!,$EO$3:$EO$11),"") | Z42: =IF(Y42="0",NETWORKDAYS(S42,T42,$EO$3:$EO$11),"") | AA42: 46052 | AC42: =IF(AA42<>0,IF(AB42<>0,"0","1"),"") -> 1 | AD42: =IF(AC42="0",NETWORKDAYS(AA42,AB42,$CB$3:$CB$19),NETWORKDAYS(AA42,'2025整理'!$S$1,$CB$3:$CB$19)) -> -25 | AE42: 樊心田 | AF42: 樊心田 | AG42: - | AY42: =IF(AND(AX42<>"",AW42<>""),IF(AX42>AW42,"核增",IF(AX42<AW42,"核减","不变")),"") | BZ42: =IF(AND(BX42<>"",BW42<>""),MAX(ABS(BX42),ABS(BW42))-MIN(ABS(BX42),ABS(BW42)),"")
A43: 220kV庆盛枢纽输变电工程(重大设计变更二) | B43: 广州院 | F43: =IF(E43="0",NETWORKDAYS(C43,D43,$EO$3:$EO$11),"") | J43: =IF(I43="0",NETWORKDAYS(G43,H43,$EO$3:$EO$11),"") | N43: =IF(M43="0",NETWORKDAYS(K43,L43,$EO$3:$EO$11),"") | R43: =IF(Q43="0",NETWORKDAYS(O43,P43,$EO$3:$EO$10),"") | V43: =IF(U43="0",NETWORKDAYS(#REF!,#REF!,$EO$3:$EO$11),"") | Z43: =IF(Y43="0",NETWORKDAYS(S43,T43,$EO$3:$EO$11),"") | AA43: 45701 | AB43: 45709 | AC43: =IF(AA43<>0,IF(AB43<>0,"0","1"),"") -> 0 | AD43: =IF(AC43="0",NETWORKDAYS(AA43,AB43,$CB$3:$CB$19),NETWORKDAYS(AA43,'2025整理'!$S$1,$CB$3:$CB$19)) -> 7 | AE43: 谢瑞莲 | AF43: 谢瑞莲 | AG43: - | AY43: =IF(AND(AX43<>"",AW43<>""),IF(AX43>AW43,"核增",IF(AX43<AW43,"核减","不变")),"") | BU43: 429.1 | BV43: 429.1 | BW43: 429.1 | BX43: 429.1 | BY43: =IF(AND(BX43<>"",BW43<>""),IF(BX43>BW43,"核增",IF(BX43<BW43,"核减","不变")),"") -> 不变 | BZ43: =IF(AND(BX43<>"",BW43<>""),MAX(ABS(BX43),ABS(BW43))-MIN(ABS(BX43),ABS(BW43)),"") -> 0
A44: 220kV集丰（翟洞）输变电工程（第三分册） | B44: 工程院 | F44: =IF(E44="0",NETWORKDAYS(C44,D44,$EO$3:$EO$11),"") | J44: =IF(I44="0",NETWORKDAYS(G44,H44,$EO$3:$EO$11),"") | N44: =IF(M44="0",NETWORKDAYS(K44,L44,$EO$3:$EO$11),"") | R44: =IF(Q44="0",NETWORKDAYS(O44,P44,$EO$3:$EO$10),"") | V44: =IF(U44="0",NETWORKDAYS(#REF!,#REF!,$EO$3:$EO$11),"") | Z44: =IF(Y44="0",NETWORKDAYS(S44,T44,$EO$3:$EO$11),"") | AA44: 46052 | AC44: =IF(AA44<>0,IF(AB44<>0,"0","1"),"") -> 1 | AD44: =IF(AC44="0",NETWORKDAYS(AA44,AB44,$CB$3:$CB$19),NETWORKDAYS(AA44,'2025整理'!$S$1,$CB$3:$CB$19)) -> -25 | AE44: 陈伟哲 | AF44: - | AG44: 陈伟哲 | AY44: =IF(AND(AX44<>"",AW44<>""),IF(AX44>AW44,"核增",IF(AX44<AW44,"核减","不变")),"")
A45: 220kV挂绿输变电工程（第二分册） | B45: 工程院 | F45: =IF(E45="0",NETWORKDAYS(C45,D45,$EO$3:$EO$11),"") | J45: =IF(I45="0",NETWORKDAYS(G45,H45,$EO$3:$EO$11),"") | N45: =IF(M45="0",NETWORKDAYS(K45,L45,$EO$3:$EO$11),"") | R45: =IF(Q45="0",NETWORKDAYS(O45,P45,$EO$3:$EO$10),"") | V45: =IF(U45="0",NETWORKDAYS(#REF!,#REF!,$EO$3:$EO$11),"") | Z45: =IF(Y45="0",NETWORKDAYS(S45,T45,$EO$3:$EO$11),"") | AA45: 45886 | AB45: 45889 | AC45: =IF(AA45<>0,IF(AB45<>0,"0","1"),"") -> 0 | AD45: =IF(AC45="0",NETWORKDAYS(AA45,AB45,$CB$3:$CB$19),NETWORKDAYS(AA45,'2025整理'!$S$1,$CB$3:$CB$19)) -> 3 | AE45: 谢瑞莲 | AF45: 谢瑞莲 | AG45: 黄小珈 | AY45: =IF(AND(AX45<>"",AW45<>""),IF(AX45>AW45,"核增",IF(AX45<AW45,"核减","不变")),"") | BU45: 901.01 | BV45: 882.3 | BW45: 901.01 | BX45: 882.3 | BY45: =IF(AND(BX45<>"",BW45<>""),IF(BX45>BW45,"核增",IF(BX45<BW45,"核减","不变")),"") -> 核减 | BZ45: =IF(AND(BX45<>"",BW45<>""),MAX(ABS(BX45),ABS(BW45))-MIN(ABS(BX45),ABS(BW45)),"") -> 18.71
A46: 110kV明经输变电工程 | B46: 汇隽院 | F46: =IF(E46="0",NETWORKDAYS(C46,D46,$EO$3:$EO$11),"") | J46: =IF(I46="0",NETWORKDAYS(G46,H46,$EO$3:$EO$11),"") | N46: =IF(M46="0",NETWORKDAYS(K46,L46,$EO$3:$EO$11),"") | R46: =IF(Q46="0",NETWORKDAYS(O46,P46,$EO$3:$EO$10),"") | U46: =IF(S46<>0,IF(T46<>0,"0","1"),"") | W46: 45869 | X46: 45870 | Y46: =IF(W46<>0,IF(X46<>0,"0","1"),"") -> 0 | Z46: =IF(Y46="0",NETWORKDAYS(W46,X46,$EO$3:$EO$11),"") -> 2 | AC46: =IF(AA46<>0,IF(AB46<>0,"0","1"),"") | AD46: =IF(AC46="0",NETWORKDAYS(AA46,AB46,$EO$3:$EO$11),"") | AE46: 黄小珈 | AF46: - | AG46: 黄小珈 | AY46: =IF(AND(AX46<>"",AW46<>""),IF(AX46>AW46,"核增",IF(AX46<AW46,"核减","不变")),"") | BI46: 10449.07 | BK46: 10275.06 | BO46: 12067.3 | BP46: 12067.3 | BQ46: 11865.2 | BR46: 11865.2 | BS46: =IF(AND(BR46<>"",BQ46<>""),IF(BR46>BQ46,"核增",IF(BR46<BQ46,"核减","不变")),"") -> 不变 | BT46: =IF(AND(BR46<>"",BQ46<>""),MAX(ABS(BR46),ABS(BQ46))-MIN(ABS(BR46),ABS(BQ46)),"") -> 0
A47: 220kV员热站第二通道线路工程 | B47: 广州院 | F47: =IF(E47="0",NETWORKDAYS(C47,D47,$EO$3:$EO$11),"") | I47: =IF(G47<>0,IF(H47<>0,"0","1"),"") | J47: =IF(I47="0",NETWORKDAYS(G47,H47,$EO$3:$EO$11),"") | M47: =IF(K47<>0,IF(L47<>0,"0","1"),"") | N47: =IF(M47="0",NETWORKDAYS(K47,L47,$EO$3:$EO$11),"") | O47: 45659 | P47: 45683 | Q47: =IF(O47<>0,IF(P47<>0,"0","1"),"") -> 0 | R47: =IF(Q47="0",NETWORKDAYS(O47,P47,$EO$3:$EO$10),"") -> 17 | S47: 45765 | T47: 45791 | U47: =IF(S47<>0,IF(T47<>0,"0","1"),"") -> 0 | V47: =IF(U47="0",NETWORKDAYS(S47,T47,$CB$3:$CB$19),"") -> 19 | AA47: 45987 | AC47: =IF(AA47<>0,IF(AB47<>0,"0","1"),"") -> 1 | AD47: =IF(AC47="0",NETWORKDAYS(AA47,AB47,$CB$3:$CB$19),NETWORKDAYS(AA47,'2025整理'!$S$1,$CB$3:$CB$19)) -> 24 | AE47: 谢瑞莲 | AF47: 谢瑞莲 | AG47: 黄小珈 | AP47: 80099.63 | AR47: 78704.85 | AS47: =IF(AND(AR47<>"",AQ47<>""),IF(AR47>AQ47,"核增",IF(AR47<AQ47,"核减","不变")),"") | AT47: =IF(AND(AR47<>"",AQ47<>""),MAX(ABS(AR47),ABS(AQ47))-MIN(ABS(AR47),ABS(AQ47)),"") | AV47: 25908.26 | AX47: 25490.89 | AY47: =IF(AND(AX47<>"",AW47<>""),IF(AX47>AW47,"核增",IF(AX47<AW47,"核减","不变")),"") | AZ47: =IF(AND(AX47<>"",AW47<>""),MAX(ABS(AX47),ABS(AW47))-MIN(ABS(AX47),ABS(AW47)),"") | BB47: 76274.64 | BC47: 76428.32 | BD47: 74992.71 | BE47: 75143.64 | BF47: =IF(AND(BE47<>"",BD47<>""),IF(BE47>BD47,"核增",IF(BE47<BD47,"核减","不变")),"") -> 核增 | BG47: =IF(AND(BE47<>"",BD47<>""),MAX(ABS(BE47),ABS(BD47))-MIN(ABS(BE47),ABS(BD47)),"") -> 150.93 | BH47: 24093.84 | BI47: 24165.44 | BJ47: 23705.86 | BK47: 23776.86 | BL47: =IF(AND(BK47<>"",BJ47<>""),IF(BK47>BJ47,"核增",IF(BK47<BJ47,"核减","不变")),"") -> 核增 | BM47: =IF(AND(BK47<>"",BJ47<>""),MAX(ABS(BK47),ABS(BJ47))-MIN(ABS(BK47),ABS(BJ47)),"") -> 71 | BN47: =IF(AND(BI47<>"",AV47<>""),IF(BI47>AV47,"核增",IF(BI47<AV47,"核减","不变")),"")&TEXT(IF(AND(BI47<>"",AV47<>""),MAX(ABS(BI47),ABS(AV47))-MIN(ABS(BI47),ABS(AV47)),""),"0.00") -> 核减1742.82 | BZ47: =IF(AND(BX47<>"",BW47<>""),MAX(ABS(BX47),ABS(BW47))-MIN(ABS(BX47),ABS(BW47)),"")
A48: 220kV洋田输变电工程 | B48: 省院 | E48: =IF(C48<>0,IF(D48<>0,"0","1"),"") | F48: =IF(E48="0",NETWORKDAYS(C48,D48,$EO$3:$EO$11),"") | G48: 46052 | I48: =IF(G48<>0,IF(H48<>0,"0","1"),"") -> 1 | J48: =IF(I48="0",NETWORKDAYS(G48,H48,$CB$3:$CB$19),NETWORKDAYS(G48,'2025整理'!$S$1,$CB$3:$CB$19)) -> -25 | N48: =IF(M48="0",NETWORKDAYS(K48,L48,$EO$3:$EO$11),"") | R48: =IF(Q48="0",NETWORKDAYS(O48,P48,$EO$3:$EO$10),"") | V48: =IF(U48="0",NETWORKDAYS(#REF!,#REF!,$EO$3:$EO$11),"") | Z48: =IF(Y48="0",NETWORKDAYS(S48,T48,$EO$3:$EO$11),"") | AD48: =IF(AC48="0",NETWORKDAYS(AA48,AB48,$EO$3:$EO$11),"") | AE48: 方明 | AF48: 方明 | AG48: 陈伟哲 | AY48: =IF(AND(AX48<>"",AW48<>""),IF(AX48>AW48,"核增",IF(AX48<AW48,"核减","不变")),"") | BZ48: =IF(AND(BX48<>"",BW48<>""),MAX(ABS(BX48),ABS(BW48))-MIN(ABS(BX48),ABS(BW48)),"")
A49: 110kV滨水（金融）输变电工程（电气第二分册） | B49: 广州院 | C49: 45730 | D49: 45756 | E49: =IF(C49<>0,IF(D49<>0,"0","1"),"") -> 0 | F49: =IF(E49="0",NETWORKDAYS(C49,D49,$EO$3:$EO$11),"") -> 19 | I49: =IF(G49<>0,IF(H49<>0,"0","1"),"") | J49: =IF(I49="0",NETWORKDAYS(G49,H49,$EO$3:$EO$11),"") | K49: 45855 | L49: 45880 | M49: =IF(K49<>0,IF(L49<>0,"0","1"),"") -> 0 | N49: =IF(M49="0",NETWORKDAYS(K49,L49,$EO$3:$EO$11),"") -> 18 | R49: =IF(Q49="0",NETWORKDAYS(O49,P49,$EO$3:$EO$10),"") | S49: 46021 | U49: =IF(S49<>0,IF(T49<>0,"0","1"),"") -> 1 | V49: =IF(U49="0",NETWORKDAYS(S49,T49,$CB$3:$CB$19),NETWORKDAYS(S49,'2025整理'!$S$1,$CB$3:$CB$19)) -> -2 | Z49: =IF(Y49="0",NETWORKDAYS(S49,T49,$EO$3:$EO$11),"") | AD49: =IF(AC49="0",NETWORKDAYS(AA49,AB49,$EO$3:$EO$11),"") | AE49: 谢瑞莲 | AF49: 谢瑞莲 | AG49: 黄小珈 | AH49: 5566.9 | AI49: 5634.37 | AJ49: 5489.11 | AK49: 5539.93 | AL49: =IF(AND(AK49<>"",AJ49<>""),IF(AK49>AJ49,"核增",IF(AK49<AJ49,"核减","不变")),"") -> 核增 | AM49: =IF(AND(AI49<>"",AH49<>""),MAX(ABS(AI49),ABS(AH49))-MIN(ABS(AI49),ABS(AH49)),"") -> 67.47 | AN49: =IF(AND(AK49<>"",AJ49<>""),MAX(ABS(AK49),ABS(AJ49))-MIN(ABS(AK49),ABS(AJ49)),"") -> 50.82 | AU49: 5552.76 | AV49: 5488.68 | AW49: 5468.9 | AX49: 5405.9 | AY49: =IF(AND(AX49<>"",AW49<>""),IF(AX49>AW49,"核增",IF(AX49<AW49,"核减","不变")),"") -> 核减 | AZ49: =IF(AND(AX49<>"",AW49<>""),MAX(ABS(AX49),ABS(AW49))-MIN(ABS(AX49),ABS(AW49)),"") -> 63 | BA49: =IF(AND(AV49<>"",AI49<>""),IF(AV49>AI49,"核增",IF(AV49<AI49,"核减","不变")),"")&TEXT(IF(AND(AV49<>"",AI49<>""),MAX(ABS(AV49),ABS(AI49))-MIN(ABS(AV49),ABS(AI49)),""),"0.00") -> 核减145.69
A50: 110kV冯马输变电工程 | B50: 广州院 | F50: =IF(E50="0",NETWORKDAYS(C50,D50,$EO$3:$EO$11),"") | G50: 45636 | H50: 45696 | I50: =IF(G50<>0,IF(H50<>0,"0","1"),"") -> 0 | J50: =IF(I50="0",NETWORKDAYS(G50,H50,$EO$3:$EO$11),"") -> 44 | N50: =IF(M50="0",NETWORKDAYS(K50,L50,$EO$3:$EO$11),"") | O50: 45791 | P50: 45817 | Q50: =IF(O50<>0,IF(P50<>0,"0","1"),"") -> 0 | R50: =IF(Q50="0",NETWORKDAYS(O50,P50,$CB$3:$CB$19),NETWORKDAYS(O50,'2025整理'!$S$1,$CB$3:$CB$19)) -> 19 | V50: =IF(U50="0",NETWORKDAYS(#REF!,#REF!,$EO$3:$EO$11),"") | Z50: =IF(Y50="0",NETWORKDAYS(S50,T50,$EO$3:$EO$11),"") | AC50: =IF(AA50<>0,IF(AB50<>0,"0","1"),"") | AE50: 谢瑞莲 | AF50: 谢瑞莲 | AG50: 王志会 | AO50: 15695.95 | AP50: 17165.69 | AQ50: 15426.49 | AR50: 16871 | AS50: =IF(AND(AR50<>"",AQ50<>""),IF(AR50>AQ50,"核增",IF(AR50<AQ50,"核减","不变")),"") -> 核增 | AT50: =IF(AND(AR50<>"",AQ50<>""),MAX(ABS(AR50),ABS(AQ50))-MIN(ABS(AR50),ABS(AQ50)),"") -> 1444.51 | AY50: =IF(AND(AX50<>"",AW50<>""),IF(AX50>AW50,"核增",IF(AX50<AW50,"核减","不变")),"") | BB50: 17103.54 | BC50: 17105.33 | BD50: 16809.92 | BE50: 16812.11 | BF50: =IF(AND(BE50<>"",BD50<>""),IF(BE50>BD50,"核增",IF(BE50<BD50,"核减","不变")),"") -> 核增 | BG50: =IF(AND(BE50<>"",BD50<>""),MAX(ABS(BE50),ABS(BD50))-MIN(ABS(BE50),ABS(BD50)),"") -> 2.19
A51: 南方电网主干OTN网扩容(广东电网广州供电局)工程 | B51: 省院 | S51: 45666 | T51: 45680 | U51: =IF(S51<>0,IF(T51<>0,"0","1"),"") -> 0 | V51: =IF(U51="0",NETWORKDAYS(S51,T51,$CB$3:$CB$19),"") -> 11 | AE51: 樊心田 | AF51: 樊心田 | AG51: - | AV51: 964 | AX51: 949 | AY51: =IF(AND(AX51<>"",AW51<>""),IF(AX51>AW51,"核增",IF(AX51<AW51,"核减","不变")),"") | BH51: 957 | BI51: 961 | BJ51: 943 | BK51: 947 | BL51: =IF(AND(BK51<>"",BJ51<>""),IF(BK51>BJ51,"核增",IF(BK51<BJ51,"核减","不变")),"") -> 核增 | BM51: =IF(AND(BK51<>"",BJ51<>""),MAX(ABS(BK51),ABS(BJ51))-MIN(ABS(BK51),ABS(BJ51)),"") -> 4 | BN51: =IF(AND(BI51<>"",AV51<>""),IF(BI51>AV51,"核增",IF(BI51<AV51,"核减","不变")),"")&TEXT(IF(AND(BI51<>"",AV51<>""),MAX(ABS(BI51),ABS(AV51))-MIN(ABS(BI51),ABS(AV51)),""),"0.00") -> 核减3.00
A52: 220kV厚德站第三台主变扩建工程 | B52: 广州院 | K52: 45672 | L52: 45679 | M52: =IF(K52<>0,IF(L52<>0,"0","1"),"") -> 0 | N52: =IF(M52="0",NETWORKDAYS(K52,L52,$CB$3:$CB$19),NETWORKDAYS(K52,'2025整理'!$S$1,$CB$3:$CB$19)) -> 6 | S52: 45799 | T52: 45826 | U52: 0 | V52: 20 | AE52: 谢瑞莲 | AF52: 谢瑞莲 | AG52: - | AI52: 3067.29 | AK52: 3038.86 | AU52: 3065.71 | AV52: 3052.52 | AW52: 3040.11 | AX52: 3027.02 | AY52: =IF(AND(AX52<>"",AW52<>""),IF(AX52>AW52,"核增",IF(AX52<AW52,"核减","不变")),"") -> 核减 | AZ52: =IF(AND(AX52<>"",AW52<>""),MAX(ABS(AX52),ABS(AW52))-MIN(ABS(AX52),ABS(AW52)),"") -> 13.09 | BA52: =IF(AND(AV52<>"",AI52<>""),IF(AV52>AI52,"核增",IF(AV52<AI52,"核减","不变")),"")&TEXT(IF(AND(AV52<>"",AI52<>""),MAX(ABS(AV52),ABS(AI52))-MIN(ABS(AV52),ABS(AI52)),""),"0.00") -> 核减14.77 | BH52: 2913.21 | BI52: 3012.27 | BJ52: 2890.49 | BK52: 2987.12 | BL52: =IF(AND(BK52<>"",BJ52<>""),IF(BK52>BJ52,"核增",IF(BK52<BJ52,"核减","不变")),"") -> 核增 | BM52: =IF(AND(BK52<>"",BJ52<>""),MAX(ABS(BK52),ABS(BJ52))-MIN(ABS(BK52),ABS(BJ52)),"") -> 96.63 | BN52: =IF(AND(BI52<>"",AV52<>""),IF(BI52>AV52,"核增",IF(BI52<AV52,"核减","不变")),"")&TEXT(IF(AND(BI52<>"",AV52<>""),MAX(ABS(BI52),ABS(AV52))-MIN(ABS(BI52),ABS(AV52)),""),"0.00") -> 核减40.25
A53: 110kV穗和输变电工程 | B53: 工程院 | E53: =IF(C53<>0,IF(D53<>0,"0","1"),"") | G53: 45895 | H53: 45945 | I53: =IF(G53<>0,IF(H53<>0,"0","1"),"") -> 0 | J53: =IF(I53="0",NETWORKDAYS(G53,H53,$CB$3:$CB$19),NETWORKDAYS(G53,'2025整理'!$S$1,$CB$3:$CB$19)) -> 37 | M53: =IF(K53<>0,IF(L53<>0,"0","1"),"") | O53: 46014 | Q53: =IF(O53<>0,IF(P53<>0,"0","1"),"") -> 1 | R53: =IF(Q53="0",NETWORKDAYS(O53,P53,$CB$3:$CB$19),NETWORKDAYS(O53,'2025整理'!$S$1,$CB$3:$CB$19)) -> 5 | AA53: 45657 | AB53: 45672 | AC53: =IF(AA53<>0,IF(AB53<>0,"0","1"),"") -> 0 | AD53: =IF(AC53="0",NETWORKDAYS(AA53,AB53,$CB$3:$CB$19),"") -> 11 | AE53: 方明 | AF53: 方明 | AG53: 王志会 | AI53: 9905.2 | AO53: 11162.29 | AP53: 10710.06 | AQ53: 10971.04 | AR53: 10526.31 | AS53: =IF(AND(AR53<>"",AQ53<>""),IF(AR53>AQ53,"核增",IF(AR53<AQ53,"核减","不变")),"") -> 核减 | AT53: =IF(AND(AR53<>"",AQ53<>""),MAX(ABS(AR53),ABS(AQ53))-MIN(ABS(AR53),ABS(AQ53)),"") -> 444.73 | BU53: 331.49 | BV53: 270.36 | BW53: 331.49 | BX53: 270.36 | BY53: =IF(AND(BX53<>"",BW53<>""),IF(BX53>BW53,"核增",IF(BX53<BW53,"核减","不变")),"") -> 核减 | BZ53: =IF(AND(BX53<>"",BW53<>""),MAX(ABS(BX53),ABS(BW53))-MIN(ABS(BX53),ABS(BW53)),"") -> 61.13
A54: 海珠西片区老旧电缆改造工程 | B54: 工程院 | C54: 45767 | D54: 45790 | E54: =IF(C54<>0,IF(D54<>0,"0","1"),"") -> 0 | F54: =IF(E54="0",NETWORKDAYS(C54,D54,$CB$3:$CB$19),"") -> 17 | AE54: 陈伟哲 | AF54: - | AG54: 陈伟哲 | AH54: 95352.24 | AI54: 55592.87 | AJ54: 95352.24 | AK54: 55592.87 | AL54: =IF(AND(AK54<>"",AJ54<>""),IF(AK54>AJ54,"核增",IF(AK54<AJ54,"核减","不变")),"") -> 核减 | AM54: =IF(AND(AI54<>"",AH54<>""),MAX(ABS(AI54),ABS(AH54))-MIN(ABS(AI54),ABS(AH54)),"") -> 39759.37 | AN54: =IF(AND(AK54<>"",AJ54<>""),MAX(ABS(AK54),ABS(AJ54))-MIN(ABS(AK54),ABS(AJ54)),"") -> 39759.37 | AS54: =IF(AND(AR54<>"",AQ54<>""),IF(AR54>AQ54,"核增",IF(AR54<AQ54,"核减","不变")),"") | AT54: =IF(AND(AR54<>"",AQ54<>""),MAX(ABS(AR54),ABS(AQ54))-MIN(ABS(AR54),ABS(AQ54)),"")
A55: 220kV凫洲输变电工程（第二分册） | B55: 广州院 | S55: 45715 | T55: 45715 | U55: =IF(S55<>0,IF(T55<>0,"0","1"),"") -> 0 | V55: =IF(U55="0",NETWORKDAYS(S55,T55,$EO$3:$EO$11),"") -> 1 | AA55: 45923 | AB55: 45941 | AC55: =IF(AA55<>0,IF(AB55<>0,"0","1"),"") -> 0 | AD55: =IF(AC55="0",NETWORKDAYS(AA55,AB55,$CB$3:$CB$19),NETWORKDAYS(AA55,'2025整理'!$S$1,$CB$3:$CB$19)) -> 14 | AE55: 方明 | AF55: 方明 | AG55: 陈伟哲 | AV55: 29060.8 | AX55: 28527.49 | BH55: 29742.21 | BI55: 28130.43 | BJ55: 28464.68 | BK55: 27614.09 | BL55: =IF(AND(BK55<>"",BJ55<>""),IF(BK55>BJ55,"核增",IF(BK55<BJ55,"核减","不变")),"") -> 核减 | BM55: =IF(AND(BK55<>"",BJ55<>""),MAX(ABS(BK55),ABS(BJ55))-MIN(ABS(BK55),ABS(BJ55)),"") -> 850.59 | BN55: =IF(AND(BI55<>"",AV55<>""),IF(BI55>AV55,"核增",IF(BI55<AV55,"核减","不变")),"")&TEXT(IF(AND(BI55<>"",AV55<>""),MAX(ABS(BI55),ABS(AV55))-MIN(ABS(BI55),ABS(AV55)),""),"0.00") -> 核减930.37 | BU55: 548.83 | BV55: 515.78 | BW55: 548.83 | BX55: 515.78 | BY55: =IF(AND(BX55<>"",BW55<>""),IF(BX55>BW55,"核增",IF(BX55<BW55,"核减","不变")),"") -> 核减 | BZ55: =IF(AND(BX55<>"",BW55<>""),MAX(ABS(BX55),ABS(BW55))-MIN(ABS(BX55),ABS(BW55)),"") -> 33.05
A56: 110kV高埔输变电工程 | B56: 汇隽院 | E56: =IF(C56<>0,IF(D56<>0,"0","1"),"") | AE56: 樊心田 | AF56: 樊心田 | AG56: 王志会
A57: 110kV高埔输变电工程 | B57: 广州院 | AA57: 45706 | AB57: 45723 | AC57: =IF(AA57<>0,IF(AB57<>0,"0","1"),"") -> 0 | AD57: =IF(AC57="0",NETWORKDAYS(AA57,AB57,$CB$3:$CB$19),"") -> 14 | AE57: 陈伟哲 | AF57: - | AG57: 陈伟哲 | BU57: =ABS(-274.06) -> 274.06 | BV57: =ABS(-301.11) -> 301.11 | BW57: =ABS(-274.06) -> 274.06 | BX57: =ABS(-301.11) -> 301.11 | BY57: =IF(AND(BX57<>"",BW57<>""),IF(BX57>BW57,"核减",IF(BX57<BW57,"核增","不变")),"") -> 核减 | BZ57: =IF(AND(BX57<>"",BW57<>""),MAX(ABS(BX57),ABS(BW57))-MIN(ABS(BX57),ABS(BW57)),"") -> 27.05
A58: 110kV上漖变电站改造工程 | B58: 工程院 | C58: 45677 | D58: 45702 | E58: =IF(C58<>0,IF(D58<>0,"0","1"),"") -> 0 | F58: =IF(E58="0",NETWORKDAYS(C58,D58,$CB$3:$CB$19),"") -> 18 | K58: 45967 | M58: =IF(K58<>0,IF(L58<>0,"0","1"),"") -> 1 | N58: =IF(M58="0",NETWORKDAYS(K58,L58,$CB$3:$CB$19),NETWORKDAYS(K58,'2025整理'!$S$1,$CB$3:$CB$19)) -> 38 | AE58: 谢瑞莲 | AF58: 谢瑞莲 | AG58: - | AH58: 7833.27 | AI58: 7933.69 | AJ58: 7833.27 | AK58: 7933.69 | AL58: =IF(AND(AK58<>"",AJ58<>""),IF(AK58>AJ58,"核增",IF(AK58<AJ58,"核减","不变")),"") -> 核增 | AM58: =IF(AND(AI58<>"",AH58<>""),MAX(ABS(AI58),ABS(AH58))-MIN(ABS(AI58),ABS(AH58)),"") -> 100.42 | AN58: =IF(AND(AK58<>"",AJ58<>""),MAX(ABS(AK58),ABS(AJ58))-MIN(ABS(AK58),ABS(AJ58)),"") -> 100.42
A59: 110kV陈家林输变电工程（电气分册） | B59: 广州院 | C59: 45721 | D59: 45770 | E59: =IF(C59<>0,IF(D59<>0,"0","1"),"") -> 0 | F59: =IF(E59="0",NETWORKDAYS(C59,D59,$CB$3:$CB$19),NETWORKDAYS(C59,'2025整理'!$S$1,$CB$3:$CB$19)) -> 35 | AE59: 谢瑞莲 | AF59: 谢瑞莲 | AG59: 黄小珈 | AH59: 5471.33 | AI59: 6206.13 | AJ59: 5377.42 | AK59: 6099.63 | AL59: =IF(AND(AK59<>"",AJ59<>""),IF(AK59>AJ59,"核增",IF(AK59<AJ59,"核减","不变")),"") -> 核增 | AM59: =IF(AND(AI59<>"",AH59<>""),MAX(ABS(AI59),ABS(AH59))-MIN(ABS(AI59),ABS(AH59)),"") -> 734.8 | AN59: =IF(AND(AK59<>"",AJ59<>""),MAX(ABS(AK59),ABS(AJ59))-MIN(ABS(AK59),ABS(AJ59)),"") -> 722.21
A60: 110kV珠二输变电工程 | B60: 广州院 | AA60: 45721 | AB60: 45737 | AC60: =IF(AA60<>0,IF(AB60<>0,"0","1"),"") -> 0 | AD60: =IF(AC60="0",NETWORKDAYS(AA60,AB60,$CB$3:$CB$19),"") -> 13 | AE60: 梁为 | AF60: - | AG60: 梁为 | BU60: =ABS(-1477.4104)+261.7717 -> 1739.1821 | BV60: =ABS(-1477.4104)+261.7717 -> 1739.1821 | BW60: =ABS(-1477.4104)+261.7717 -> 1739.1821 | BX60: =ABS(-1477.4104)+261.7717 -> 1739.1821 | BY60: 不变 | BZ60: 0
A61: 220kV磨碟洲至柳园线路工程（第二分册） | B61: 广州院 | S61: 45804 | T61: 45835 | U61: =IF(S61<>0,IF(T61<>0,"0","1"),"") -> 0 | V61: =IF(U61="0",NETWORKDAYS(S61,T61,$CB$3:$CB$19),NETWORKDAYS(S61,'2025整理'!$S$1,$CB$3:$CB$19)) -> 24 | AE61: 陈伟哲 | AF61: 方明 | AG61: 陈伟哲 | AV61: 42409.15 | AX61: 41706.5 | BH61: 39753.29 | BI61: 40748.02 | BJ61: 39126.05 | BK61: 40106.45 | BL61: =IF(AND(BK61<>"",BJ61<>""),IF(BK61>BJ61,"核增",IF(BK61<BJ61,"核减","不变")),"") -> 核增 | BM61: =IF(AND(BK61<>"",BJ61<>""),MAX(ABS(BK61),ABS(BJ61))-MIN(ABS(BK61),ABS(BJ61)),"") -> 980.4 | BN61: =IF(AND(BI61<>"",AV61<>""),IF(BI61>AV61,"核增",IF(BI61<AV61,"核减","不变")),"")&TEXT(IF(AND(BI61<>"",AV61<>""),MAX(ABS(BI61),ABS(AV61))-MIN(ABS(BI61),ABS(AV61)),""),"0.00") -> 核减1661.13
A62: 220kV教育城输变电工程（第一分册） | B62: 工程院 | G62: 46006 | I62: =IF(G62<>0,IF(H62<>0,"0","1"),"") -> 1 | J62: =IF(I62="0",NETWORKDAYS(G62,H62,$CB$3:$CB$19),NETWORKDAYS(G62,'2025整理'!$S$1,$CB$3:$CB$19)) -> 11 | AA62: 46052 | AC62: =IF(AA62<>0,IF(AB62<>0,"0","1"),"") -> 1 | AD62: =IF(AC62="0",NETWORKDAYS(AA62,AB62,$CB$3:$CB$19),NETWORKDAYS(AA62,'2025整理'!$S$1,$CB$3:$CB$19)) -> -25 | AE62: 方明 | AF62: 方明 | AG62: 陈伟哲
A63: 110kV宝珠输变电工程 | B63: 工程院 | W63: 45713 | X63: 45723 | Y63: =IF(W63<>0,IF(X63<>0,"0","1"),"") -> 0 | Z63: =IF(Y63="0",NETWORKDAYS(W63,X63,$EO$3:$EO$11),"") -> 9 | AE63: 黄小珈 | AF63: - | AG63: 黄小珈 | BI63: 6643 | BK63: 6760 | BO63: 7179 | BP63: 7179 | BQ63: 7056 | BR63: 7056 | BS63: =IF(AND(BR63<>"",BQ63<>""),IF(BR63>BQ63,"核增",IF(BR63<BQ63,"核减","不变")),"") -> 不变 | BT63: =IF(AND(BR63<>"",BQ63<>""),MAX(ABS(BR63),ABS(BQ63))-MIN(ABS(BR63),ABS(BQ63)),"") -> 0
A64: 500kV沙狮甲乙线莲花山大跨越、狮子洋大跨越改造工程（广州段） | B64: 省院 | AA64: 45712 | AB64: 45720 | AC64: =IF(AA64<>0,IF(AB64<>0,"0","1"),"") -> 0 | AD64: =IF(AC64="0",NETWORKDAYS(AA64,AB64,$CB$3:$CB$19),"") -> 7 | AE64: 陈伟哲 | AF64: - | AG64: 陈伟哲 | BU64: =ABS(-709.19) -> 709.19 | BV64: =ABS(-1026.54) -> 1026.54 | BW64: =ABS(-709.19) -> 709.19 | BX64: =ABS(-1026.54) -> 1026.54 | BY64: =IF(AND(BX64<>"",BW64<>""),IF(BX64>BW64,"核减",IF(BX64<BW64,"核增","不变")),"") -> 核减 | BZ64: =IF(AND(BX64<>"",BW64<>""),MAX(ABS(BX64),ABS(BW64))-MIN(ABS(BX64),ABS(BW64)),"") -> 317.35
A65: 110kV新隆沙输变电工程（电气分册） | B65: 广州院 | K65: 45876 | L65: 45896 | M65: =IF(K65<>0,IF(L65<>0,"0","1"),"") -> 0 | N65: =IF(M65="0",NETWORKDAYS(K65,L65,$CB$3:$CB$19),NETWORKDAYS(K65,'2025整理'!$S$1,$CB$3:$CB$19)) -> 15 | AE65: 方明 | AF65: 方明 | AG65: 陈伟哲 | AI65: 11428.04 | AK65: 11231.87 | AU65: 10552.04 | AV65: 10557.82 | AW65: 10389.09 | AX65: 10395.5 | AY65: =IF(AND(AX65<>"",AW65<>""),IF(AX65>AW65,"核增",IF(AX65<AW65,"核减","不变")),"") -> 核增 | AZ65: =IF(AND(AX65<>"",AW65<>""),MAX(ABS(AX65),ABS(AW65))-MIN(ABS(AX65),ABS(AW65)),"") -> 6.41 | BA65: =IF(AND(AV65<>"",AI65<>""),IF(AV65>AI65,"核增",IF(AV65<AI65,"核减","不变")),"")&TEXT(IF(AND(AV65<>"",AI65<>""),MAX(ABS(AV65),ABS(AI65))-MIN(ABS(AV65),ABS(AI65)),""),"0.00") -> 核减870.22
A66: 110kV北兴站第三台主变扩建工程 | B66: 工程院 | K66: 45729 | L66: 45765 | M66: =IF(K66<>0,IF(L66<>0,"0","1"),"") -> 0 | N66: =IF(M66="0",NETWORKDAYS(K66,L66,$CB$3:$CB$19),"") -> 26 | S66: 45940 | T66: 45954 | U66: =IF(S66<>0,IF(T66<>0,"0","1"),"") -> 0 | V66: =IF(U66="0",NETWORKDAYS(S66,T66,$CB$3:$CB$19),NETWORKDAYS(S66,'2025整理'!$S$1,$CB$3:$CB$19)) -> 11 | AE66: 方明 | AF66: 方明 | AG66: 黄小珈 | AI66: 6695.6 | AK66: 6598.55 | AS66: =IF(AND(AR66<>"",AQ66<>""),IF(AR66>AQ66,"核增",IF(AR66<AQ66,"核减","不变")),"") | AT66: =IF(AND(AR66<>"",AQ66<>""),MAX(ABS(AR66),ABS(AQ66))-MIN(ABS(AR66),ABS(AQ66)),"") | AU66: 6861.92 | AV66: 6678.38 | AW66: 6766.9 | AX66: 6585.69 | AY66: =IF(AND(AX66<>"",AW66<>""),IF(AX66>AW66,"核增",IF(AX66<AW66,"核减","不变")),"") -> 核减 | AZ66: =IF(AND(AX66<>"",AW66<>""),MAX(ABS(AX66),ABS(AW66))-MIN(ABS(AX66),ABS(AW66)),"") -> 181.21 | BA66: =IF(AND(AV66<>"",AI66<>""),IF(AV66>AI66,"核增",IF(AV66<AI66,"核减","不变")),"")&TEXT(IF(AND(AV66<>"",AI66<>""),MAX(ABS(AV66),ABS(AI66))-MIN(ABS(AV66),ABS(AI66)),""),"0.00") -> 核减17.22 | BH66: 6499.91 | BI66: 6517.19 | BJ66: 6412.38 | BK66: 6430.59 | BL66: =IF(AND(BK66<>"",BJ66<>""),IF(BK66>BJ66,"核增",IF(BK66<BJ66,"核减","不变")),"") -> 核增 | BM66: =IF(AND(BK66<>"",BJ66<>""),MAX(ABS(BK66),ABS(BJ66))-MIN(ABS(BK66),ABS(BJ66)),"") -> 18.21 | BN66: =IF(AND(BI66<>"",AV66<>""),IF(BI66>AV66,"核增",IF(BI66<AV66,"核减","不变")),"")&TEXT(IF(AND(BI66<>"",AV66<>""),MAX(ABS(BI66),ABS(AV66))-MIN(ABS(BI66),ABS(AV66)),""),"0.00") -> 核减161.19
A67: 110kV三凤输变电工程（土建分册） | B67: 汇隽院 | AA67: 46052 | AC67: =IF(AA67<>0,IF(AB67<>0,"0","1"),"") -> 1 | AD67: =IF(AC67="0",NETWORKDAYS(AA67,AB67,$CB$3:$CB$19),NETWORKDAYS(AA67,'2025整理'!$S$1,$CB$3:$CB$19)) -> -25 | AE67: 谢瑞莲 | AF67: 谢瑞莲 | AG67: 陈伟哲
A68: 110kV仰忠输变电工程（土建分册） | B68: 广州院 | O68: 45852 | P68: 45856 | Q68: =IF(O68<>0,IF(P68<>0,"0","1"),"") -> 0 | R68: =IF(Q68="0",NETWORKDAYS(O68,P68,$CB$3:$CB$19),NETWORKDAYS(O68,'2025整理'!$S$1,$CB$3:$CB$19)) -> 5 | AE68: 樊心田 | AF68: 樊心田 | AG68: - | AI68: 3753.03 | AK68: 3688.61 | BB68: 3741.81 | BC68: 3721.32 | BD68: 3677.58 | BE68: 3657.44 | BF68: =IF(AND(BE68<>"",BD68<>""),IF(BE68>BD68,"核增",IF(BE68<BD68,"核减","不变")),"") -> 核减 | BG68: =IF(AND(BE68<>"",BD68<>""),MAX(ABS(BE68),ABS(BD68))-MIN(ABS(BE68),ABS(BD68)),"") -> 20.14
A69: 广州电氢一体化低碳示范项目（一期）第一分册 | B69: 其他 | K69: 45744 | L69: 45786 | M69: =IF(K69<>0,IF(L69<>0,"0","1"),"") -> 0 | N69: =IF(M69="0",NETWORKDAYS(K69,L69,$CB$3:$CB$19),"") -> 30 | S69: 45862 | T69: 45897 | U69: =IF(S69<>0,IF(T69<>0,"0","1"),"") -> 0 | V69: =IF(U69="0",NETWORKDAYS(S69,T69,$CB$3:$CB$19),NETWORKDAYS(S69,'2025整理'!$S$1,$CB$3:$CB$19)) -> 26 | AE69: 王志会 | AF69: - | AG69: 王志会 | AI69: 6370.29 | AK69: 6240.34 | AU69: 6342.38 | AV69: 6201.6 | AW69: 6342.38 | AX69: 6153.24 | AY69: =IF(AND(AX69<>"",AW69<>""),IF(AX69>AW69,"核增",IF(AX69<AW69,"核减","不变")),"") -> 核减 | AZ69: =IF(AND(AX69<>"",AW69<>""),MAX(ABS(AX69),ABS(AW69))-MIN(ABS(AX69),ABS(AW69)),"") -> 189.14 | BA69: =IF(AND(AV69<>"",AI69<>""),IF(AV69>AI69,"核增",IF(AV69<AI69,"核减","不变")),"")&TEXT(IF(AND(AV69<>"",AI69<>""),MAX(ABS(AV69),ABS(AI69))-MIN(ABS(AV69),ABS(AI69)),""),"0.00") -> 核减168.69 | BH69: 5995.38 | BI69: 5670.57 | BJ69: 5995.38 | BK69: 5670.57 | BL69: =IF(AND(BK69<>"",BJ69<>""),IF(BK69>BJ69,"核增",IF(BK69<BJ69,"核减","不变")),"") -> 核减 | BM69: =IF(AND(BK69<>"",BJ69<>""),MAX(ABS(BK69),ABS(BJ69))-MIN(ABS(BK69),ABS(BJ69)),"") -> 324.81 | BN69: =IF(AND(BI69<>"",AV69<>""),IF(BI69>AV69,"核增",IF(BI69<AV69,"核减","不变")),"")&TEXT(IF(AND(BI69<>"",AV69<>""),MAX(ABS(BI69),ABS(AV69))-MIN(ABS(BI69),ABS(AV69)),""),"0.00") -> 核减531.03
A70: 110kV星汇输变电工程 | B70: 广州院 | S70: 45795 | T70: 45797 | U70: =IF(S70<>0,IF(T70<>0,"0","1"),"") -> 0 | V70: =IF(U70="0",NETWORKDAYS(S70,T70,$CB$3:$CB$19),NETWORKDAYS(S70,'2025整理'!$S$1,$CB$3:$CB$19)) -> 2 | Y70: =IF(W70<>0,IF(X70<>0,"0","1"),"") | AE70: 樊心田 | AF70: 樊心田 | AG70: 陈伟哲 | AV70: 19087.26 | AX70: 18796.43 | BH70: 18529.52 | BI70: 18837.94 | BJ70: 18336.29 | BK70: 18553.22 | BL70: =IF(AND(BK70<>"",BJ70<>""),IF(BK70>BJ70,"核增",IF(BK70<BJ70,"核减","不变")),"") -> 核增 | BM70: =IF(AND(BK70<>"",BJ70<>""),MAX(ABS(BK70),ABS(BJ70))-MIN(ABS(BK70),ABS(BJ70)),"") -> 216.93 | BN70: =IF(AND(BI70<>"",AV70<>""),IF(BI70>AV70,"核增",IF(BI70<AV70,"核减","不变")),"")&TEXT(IF(AND(BI70<>"",AV70<>""),MAX(ABS(BI70),ABS(AV70))-MIN(ABS(BI70),ABS(AV70)),""),"0.00") -> 核减249.32
A71: 110kV文武输变电工程 | B71: 广州院 | K71: 45742 | L71: 45764 | M71: =IF(K71<>0,IF(L71<>0,"0","1"),"") -> 0 | N71: =IF(M71="0",NETWORKDAYS(K71,L71,$CB$3:$CB$19),"") -> 16 | S71: 46052 | U71: =IF(S71<>0,IF(T71<>0,"0","1"),"") -> 1 | V71: =IF(U71="0",NETWORKDAYS(S71,T71,$CB$3:$CB$19),NETWORKDAYS(S71,'2025整理'!$S$1,$CB$3:$CB$19)) -> -25 | AE71: 方明 | AF71: 方明 | AG71: 王志会 | AI71: 15452.35 | AK71: 15187.51 | AU71: 15177.05 | AV71: 14997.06 | AW71: 14944.03 | AX71: 14766.89 | AY71: =IF(AND(AX71<>"",AW71<>""),IF(AX71>AW71,"核增",IF(AX71<AW71,"核减","不变")),"") -> 核减 | AZ71: =IF(AND(AX71<>"",AW71<>""),MAX(ABS(AX71),ABS(AW71))-MIN(ABS(AX71),ABS(AW71)),"") -> 177.14 | BA71: =IF(AND(AV71<>"",AI71<>""),IF(AV71>AI71,"核增",IF(AV71<AI71,"核减","不变")),"")&TEXT(IF(AND(AV71<>"",AI71<>""),MAX(ABS(AV71),ABS(AI71))-MIN(ABS(AV71),ABS(AI71)),""),"0.00") -> 核减455.29
A72: 110kV长红（红路）输变电工程（土建分册） | B72: 广州院 | K72: 45756 | L72: 45790 | M72: =IF(K72<>0,IF(L72<>0,"0","1"),"") -> 0 | N72: =IF(M72="0",NETWORKDAYS(K72,L72,$CB$3:$CB$19),"") -> 25 | S72: 45905 | T72: 45945 | U72: =IF(S72<>0,IF(T72<>0,"0","1"),"") -> 0 | V72: =IF(U72="0",NETWORKDAYS(S72,T72,$CB$3:$CB$19),NETWORKDAYS(S72,'2025整理'!$S$1,$CB$3:$CB$19)) -> 29 | AE72: 谢瑞莲 | AF72: 谢瑞莲 | AG72: - | AI72: 5724 | AK72: 5625 | AS72: =IF(AND(AR72<>"",AQ72<>""),IF(AR72>AQ72,"核增",IF(AR72<AQ72,"核减","不变")),"") | AT72: =IF(AND(AR72<>"",AQ72<>""),MAX(ABS(AR72),ABS(AQ72))-MIN(ABS(AR72),ABS(AQ72)),"") | AU72: 5342.43 | AV72: 4695.84 | AW72: 5259.75 | AX72: 4623.17 | AY72: =IF(AND(AX72<>"",AW72<>""),IF(AX72>AW72,"核增",IF(AX72<AW72,"核减","不变")),"") -> 核减 | AZ72: =IF(AND(AX72<>"",AW72<>""),MAX(ABS(AX72),ABS(AW72))-MIN(ABS(AX72),ABS(AW72)),"") -> 636.58 | BA72: =IF(AND(AV72<>"",AI72<>""),IF(AV72>AI72,"核增",IF(AV72<AI72,"核减","不变")),"")&TEXT(IF(AND(AV72<>"",AI72<>""),MAX(ABS(AV72),ABS(AI72))-MIN(ABS(AV72),ABS(AI72)),""),"0.00") -> 核减1028.16 | BH72: 3934.08 | BI72: 4230.55 | BJ72: 3873.2 | BK72: 4165.08 | BL72: =IF(AND(BK72<>"",BJ72<>""),IF(BK72>BJ72,"核增",IF(BK72<BJ72,"核减","不变")),"") -> 核增 | BM72: =IF(AND(BK72<>"",BJ72<>""),MAX(ABS(BK72),ABS(BJ72))-MIN(ABS(BK72),ABS(BJ72)),"") -> 291.88 | BN72: =IF(AND(BI72<>"",AV72<>""),IF(BI72>AV72,"核增",IF(BI72<AV72,"核减","不变")),"")&TEXT(IF(AND(BI72<>"",AV72<>""),MAX(ABS(BI72),ABS(AV72))-MIN(ABS(BI72),ABS(AV72)),""),"0.00") -> 核减465.29
A73: 110kV黄金围输变电工程（电气分册） | B73: 工程院 | K73: 45749 | L73: 45764 | M73: =IF(K73<>0,IF(L73<>0,"0","1"),"") -> 0 | N73: =IF(M73="0",NETWORKDAYS(K73,L73,$CB$3:$CB$19),"") -> 11 | S73: 45922 | T73: 45941 | U73: =IF(S73<>0,IF(T73<>0,"0","1"),"") -> 0 | V73: =IF(U73="0",NETWORKDAYS(S73,T73,$CB$3:$CB$19),NETWORKDAYS(S73,'2025整理'!$S$1,$CB$3:$CB$19)) -> 15 | AE73: 方明 | AF73: 方明 | AG73: 黄小珈 | AI73: 7779.04 | AK73: 7648.51 | AU73: 7683.31 | AV73: 7715.72 | AW73: 7567.07 | AX73: 7598.97 | AY73: =IF(AND(AX73<>"",AW73<>""),IF(AX73>AW73,"核增",IF(AX73<AW73,"核减","不变")),"") -> 核增 | AZ73: =IF(AND(AX73<>"",AW73<>""),MAX(ABS(AX73),ABS(AW73))-MIN(ABS(AX73),ABS(AW73)),"") -> 31.9 | BA73: =IF(AND(AV73<>"",AI73<>""),IF(AV73>AI73,"核增",IF(AV73<AI73,"核减","不变")),"")&TEXT(IF(AND(AV73<>"",AI73<>""),MAX(ABS(AV73),ABS(AI73))-MIN(ABS(AV73),ABS(AI73)),""),"0.00") -> 核减63.32 | BH73: 7617.55 | BI73: 7686.14 | BJ73: 7501.62 | BK73: 7569.88 | BL73: =IF(AND(BK73<>"",BJ73<>""),IF(BK73>BJ73,"核增",IF(BK73<BJ73,"核减","不变")),"") -> 核增 | BM73: =IF(AND(BK73<>"",BJ73<>""),MAX(ABS(BK73),ABS(BJ73))-MIN(ABS(BK73),ABS(BJ73)),"") -> 68.26 | BN73: =IF(AND(BI73<>"",AV73<>""),IF(BI73>AV73,"核增",IF(BI73<AV73,"核减","不变")),"")&TEXT(IF(AND(BI73<>"",AV73<>""),MAX(ABS(BI73),ABS(AV73))-MIN(ABS(BI73),ABS(AV73)),""),"0.00") -> 核减29.58
A74: 110kV松园输变电工程（土建分册） | B74: 广州院 | E74: =IF(C74<>0,IF(D74<>0,"0","1"),"") | AE74: 谢瑞莲 | AF74: 谢瑞莲 | AG74: -
A75: 110kV神山站扩建工程 | B75: 汇隽院 | C75: 46052 | E75: =IF(C75<>0,IF(D75<>0,"0","1"),"") -> 1 | F75: =IF(E75="0",NETWORKDAYS(C75,D75,$CB$3:$CB$19),NETWORKDAYS(C75,'2025整理'!$S$1,$CB$3:$CB$19)) -> -25 | AE75: 樊心田 | AF75: 樊心田 | AG75: 王志会
A76: 220kV凫洲输变电工程 | B76: 广州院 | O76: 45854 | P76: 45873 | Q76: =IF(O76<>0,IF(P76<>0,"0","1"),"") -> 0 | R76: =IF(Q76="0",NETWORKDAYS(O76,P76,$CB$3:$CB$19),NETWORKDAYS(O76,'2025整理'!$S$1,$CB$3:$CB$19)) -> 14 | AA76: 45735 | AB76: 45740 | AC76: =IF(AA76<>0,IF(AB76<>0,"0","1"),"") -> 0 | AD76: =IF(AC76="0",NETWORKDAYS(AA76,AB76,$CB$3:$CB$19),"") -> 4 | AE76: 梁为 | AF76: 方明 | AG76: 梁为 | AI76: 50701.89 | AK76: 49779.8 | BB76: 50691.39 | BC76: 50619.9 | BD76: 49770 | BE76: 49699.73 | BF76: =IF(AND(BE76<>"",BD76<>""),IF(BE76>BD76,"核增",IF(BE76<BD76,"核减","不变")),"") -> 核减 | BG76: =IF(AND(BE76<>"",BD76<>""),MAX(ABS(BE76),ABS(BD76))-MIN(ABS(BE76),ABS(BD76)),"") -> 70.27 | BU76: =ABS(-1950.73) -> 1950.73 | BV76: =ABS(-1950.73) -> 1950.73 | BW76: =ABS(-1950.73) -> 1950.73 | BX76: =ABS(-1950.73) -> 1950.73 | BY76: 不变 | BZ76: 0
A77: 110kV凤江输变电工程（土建分册） | B77: 工程院 | S77: 45985 | T77: 46003 | U77: =IF(S77<>0,IF(T77<>0,"0","1"),"") -> 0 | V77: =IF(U77="0",NETWORKDAYS(S77,T77,$CB$3:$CB$19),NETWORKDAYS(S77,'2025整理'!$S$1,$CB$3:$CB$19)) -> 15 | AE77: 樊心田 | AF77: 樊心田 | AG77: - | AV77: 4207.14 | AX77: 4134.92 | BH77: 4302.46 | BI77: 4122.87 | BJ77: 4235.88 | BK77: 4059.07 | BL77: =IF(AND(BK77<>"",BJ77<>""),IF(BK77>BJ77,"核增",IF(BK77<BJ77,"核减","不变")),"") -> 核减 | BM77: =IF(AND(BK77<>"",BJ77<>""),MAX(ABS(BK77),ABS(BJ77))-MIN(ABS(BK77),ABS(BJ77)),"") -> 176.81 | BN77: =IF(AND(BI77<>"",AV77<>""),IF(BI77>AV77,"核增",IF(BI77<AV77,"核减","不变")),"")&TEXT(IF(AND(BI77<>"",AV77<>""),MAX(ABS(BI77),ABS(AV77))-MIN(ABS(BI77),ABS(AV77)),""),"0.00") -> 核减84.27
A78: 奥林220kV出线工程（第二分册） | B78: 广州院 | K78: 45737 | L78: 45777 | M78: =IF(K78<>0,IF(L78<>0,"0","1"),"") -> 0 | N78: =IF(M78="0",NETWORKDAYS(K78,L78,$CB$3:$CB$19),"") -> 28 | U78: =IF(S78<>0,IF(T78<>0,"0","1"),"") | AE78: 陈伟哲 | AF78: 樊心田 | AG78: 陈伟哲 | AI78: =143636.51-8374.97 -> 135261.54 | AK78: =139001.27-8374.97 -> 130626.3 | AU78: 106204.96 | AV78: 109058.54 | AW78: 104885.28 | AX78: 107707.91 | AY78: =IF(AND(AX78<>"",AW78<>""),IF(AX78>AW78,"核增",IF(AX78<AW78,"核减","不变")),"") -> 核增 | AZ78: =IF(AND(AX78<>"",AW78<>""),MAX(ABS(AX78),ABS(AW78))-MIN(ABS(AX78),ABS(AW78)),"") -> 2822.63 | BA78: =IF(AND(AV78<>"",AI78<>""),IF(AV78>AI78,"核增",IF(AV78<AI78,"核减","不变")),"")&TEXT(IF(AND(AV78<>"",AI78<>""),MAX(ABS(AV78),ABS(AI78))-MIN(ABS(AV78),ABS(AI78)),""),"0.00") -> 核减26203.00
A79: 奥林220kV出线工程（一期） | B79: 广州院 | S79: 45903 | T79: 45930 | U79: =IF(S79<>0,IF(T79<>0,"0","1"),"") -> 0 | V79: =IF(U79="0",NETWORKDAYS(S79,T79,$CB$3:$CB$19),NETWORKDAYS(S79,'2025整理'!$S$1,$CB$3:$CB$19)) -> 20 | AE79: 樊心田 | AF79: 樊心田 | AG79: 陈伟哲 | AI79: 8348.29 | AK79: 8197.6 | AV79: 8160.46 | AX79: 8022.52 | BH79: 7457.72 | BI79: 7461.07 | BJ79: 7330.44 | BK79: 7333.97 | BL79: =IF(AND(BK79<>"",BJ79<>""),IF(BK79>BJ79,"核增",IF(BK79<BJ79,"核减","不变")),"") -> 核增 | BM79: =IF(AND(BK79<>"",BJ79<>""),MAX(ABS(BK79),ABS(BJ79))-MIN(ABS(BK79),ABS(BJ79)),"") -> 3.53 | BN79: =IF(AND(BI79<>"",AV79<>""),IF(BI79>AV79,"核增",IF(BI79<AV79,"核减","不变")),"")&TEXT(IF(AND(BI79<>"",AV79<>""),MAX(ABS(BI79),ABS(AV79))-MIN(ABS(BI79),ABS(AV79)),""),"0.00") -> 核减699.39
A80: 110kV汇景站扩建第三台主变工程 | B80: 工程院 | C80: 45735 | D80: 45750 | E80: =IF(C80<>0,IF(D80<>0,"0","1"),"") -> 0 | F80: =IF(E80="0",NETWORKDAYS(C80,D80,$CB$3:$CB$19),"") -> 12 | K80: 45925 | L80: 45945 | M80: =IF(K80<>0,IF(L80<>0,"0","1"),"") -> 0 | N80: =IF(M80="0",NETWORKDAYS(K80,L80,$CB$3:$CB$19),NETWORKDAYS(K80,'2025整理'!$S$1,$CB$3:$CB$19)) -> 15 | AE80: 方明 | AF80: 方明 | AG80: 陈伟哲 | AH80: 3887.21 | AI80: 3725.41 | AJ80: 3834.59 | AK80: 3675.47 | AL80: =IF(AND(AK80<>"",AJ80<>""),IF(AK80>AJ80,"核增",IF(AK80<AJ80,"核减","不变")),"") -> 核减 | AM80: =IF(AND(AI80<>"",AH80<>""),MAX(ABS(AI80),ABS(AH80))-MIN(ABS(AI80),ABS(AH80)),"") -> 161.8 | AN80: =IF(AND(AK80<>"",AJ80<>""),MAX(ABS(AK80),ABS(AJ80))-MIN(ABS(AK80),ABS(AJ80)),"") -> 159.12 | AU80: 3722.94 | AV80: 3638.45 | AW80: 3674.08 | AX80: 3591 | AY80: =IF(AND(AX80<>"",AW80<>""),IF(AX80>AW80,"核增",IF(AX80<AW80,"核减","不变")),"") -> 核减 | AZ80: =IF(AND(AX80<>"",AW80<>""),MAX(ABS(AX80),ABS(AW80))-MIN(ABS(AX80),ABS(AW80)),"") -> 83.08 | BA80: =IF(AND(AV80<>"",AI80<>""),IF(AV80>AI80,"核增",IF(AV80<AI80,"核减","不变")),"")&TEXT(IF(AND(AV80<>"",AI80<>""),MAX(ABS(AV80),ABS(AI80))-MIN(ABS(AV80),ABS(AI80)),""),"0.00") -> 核减86.96 | BL80: =IF(AND(BK80<>"",BJ80<>""),IF(BK80>BJ80,"核增",IF(BK80<BJ80,"核减","不变")),"") | BM80: =IF(AND(BK80<>"",BJ80<>""),MAX(ABS(BK80),ABS(BJ80))-MIN(ABS(BK80),ABS(BJ80)),"") | BN80: =IF(AND(BI80<>"",AV80<>""),IF(BI80>AV80,"核增",IF(BI80<AV80,"核减","不变")),"")&TEXT(IF(AND(BI80<>"",AV80<>""),MAX(ABS(BI80),ABS(AV80))-MIN(ABS(BI80),ABS(AV80)),""),"0.00")
A81: 110kV海滨输变电工程 | B81: 汇隽院 | AA81: 45728 | AB81: 45730 | AC81: =IF(AA81<>0,IF(AB81<>0,"0","1"),"") -> 0 | AD81: =IF(AC81="0",NETWORKDAYS(AA81,AB81,$CB$3:$CB$19),"") -> 3 | AE81: 谢瑞莲 | AF81: 谢瑞莲 | AG81: 黄小珈 | BU81: =ABS(-373.66) -> 373.66 | BV81: =ABS(-373.66) -> 373.66 | BW81: =ABS(-373.66) -> 373.66 | BX81: =ABS(-373.66) -> 373.66 | BY81: 不变 | BZ81: 0
A82: 110kV中船II输变电工程 | B82: 汇隽院 | AA82: 45790 | AB82: 45799 | AC82: =IF(AA82<>0,IF(AB82<>0,"0","1"),"") -> 0 | AD82: =IF(AC82="0",NETWORKDAYS(AA82,AB82,$CB$3:$CB$19),NETWORKDAYS(AA82,'2025整理'!$S$1,$CB$3:$CB$19)) -> 8 | AE82: 方明 | AF82: 方明 | AG82: 黄小珈 | BL82: =IF(AND(BK82<>"",BJ82<>""),IF(BK82>BJ82,"核增",IF(BK82<BJ82,"核减","不变")),"") | BM82: =IF(AND(BK82<>"",BJ82<>""),MAX(ABS(BK82),ABS(BJ82))-MIN(ABS(BK82),ABS(BJ82)),"") | BN82: =IF(AND(BI82<>"",AV82<>""),IF(BI82>AV82,"核增",IF(BI82<AV82,"核减","不变")),"")&TEXT(IF(AND(BI82<>"",AV82<>""),MAX(ABS(BI82),ABS(AV82))-MIN(ABS(BI82),ABS(AV82)),""),"0.00") | BU82: 642.07 | BV82: 585.34 | BW82: 642.07 | BX82: 585.34 | BY82: =IF(AND(BX82<>"",BW82<>""),IF(BX82>BW82,"核增",IF(BX82<BW82,"核减","不变")),"") -> 核减 | BZ82: =IF(AND(BX82<>"",BW82<>""),MAX(ABS(BX82),ABS(BW82))-MIN(ABS(BX82),ABS(BW82)),"") -> 56.73
A83: 110kV万顷沙站第三台主变扩建工程 | B83: 汇隽院 | S83: 45817 | T83: 45831 | U83: =IF(S83<>0,IF(T83<>0,"0","1"),"") -> 0 | V83: =IF(U83="0",NETWORKDAYS(S83,T83,$CB$3:$CB$19),NETWORKDAYS(S83,'2025整理'!$S$1,$CB$3:$CB$19)) -> 11 | Y83: =IF(W83<>0,IF(X83<>0,"0","1"),"") | AE83: 樊心田 | AF83: 樊心田 | AG83: 王志会 | AV83: 1927.96 | AX83: 1912.12 | BH83: 2020.44 | BI83: 2025.36 | BJ83: 2003.93 | BK83: 2008.76 | BL83: =IF(AND(BK83<>"",BJ83<>""),IF(BK83>BJ83,"核增",IF(BK83<BJ83,"核减","不变")),"") -> 核增 | BM83: =IF(AND(BK83<>"",BJ83<>""),MAX(ABS(BK83),ABS(BJ83))-MIN(ABS(BK83),ABS(BJ83)),"") -> 4.83 | BN83: =IF(AND(BI83<>"",AV83<>""),IF(BI83>AV83,"核增",IF(BI83<AV83,"核减","不变")),"")&TEXT(IF(AND(BI83<>"",AV83<>""),MAX(ABS(BI83),ABS(AV83))-MIN(ABS(BI83),ABS(AV83)),""),"0.00") -> 核增97.40
A84: 110kV松园输变电工程（电气分册） | B84: 汇隽院 | C84: 45747 | D84: 45776 | E84: =IF(C84<>0,IF(D84<>0,"0","1"),"") -> 0 | F84: =IF(E84="0",NETWORKDAYS(C84,D84,$CB$3:$CB$19),"") -> 21 | K84: 45920 | L84: 45952 | M84: =IF(K84<>0,IF(L84<>0,"0","1"),"") -> 0 | N84: =IF(M84="0",NETWORKDAYS(K84,L84,$CB$3:$CB$19),NETWORKDAYS(K84,'2025整理'!$S$1,$CB$3:$CB$19)) -> 23 | U84: =IF(S84<>0,IF(T84<>0,"0","1"),"") | AE84: 谢瑞莲 | AF84: 谢瑞莲 | AG84: 黄小珈 | AH84: 9668.71 | AI84: 9601.34 | AJ84: 9445.04 | AK84: 9438.86 | AL84: =IF(AND(AK84<>"",AJ84<>""),IF(AK84>AJ84,"核增",IF(AK84<AJ84,"核减","不变")),"") -> 核减 | AM84: =IF(AND(AI84<>"",AH84<>""),MAX(ABS(AI84),ABS(AH84))-MIN(ABS(AI84),ABS(AH84)),"") -> 67.37 | AN84: =IF(AND(AK84<>"",AJ84<>""),MAX(ABS(AK84),ABS(AJ84))-MIN(ABS(AK84),ABS(AJ84)),"") -> 6.18 | AU84: 8976.87 | AV84: 9031.25 | AW84: 8839.98 | AX84: 8893.64 | AY84: =IF(AND(AX84<>"",AW84<>""),IF(AX84>AW84,"核增",IF(AX84<AW84,"核减","不变")),"") -> 核增 | AZ84: =IF(AND(AX84<>"",AW84<>""),MAX(ABS(AX84),ABS(AW84))-MIN(ABS(AX84),ABS(AW84)),"") -> 53.66 | BA84: =IF(AND(AV84<>"",AI84<>""),IF(AV84>AI84,"核增",IF(AV84<AI84,"核减","不变")),"")&TEXT(IF(AND(AV84<>"",AI84<>""),MAX(ABS(AV84),ABS(AI84))-MIN(ABS(AV84),ABS(AI84)),""),"0.00") -> 核减570.09
A85: 110kV石围塘输变电工程（土建分册） | B85: 工程院 | C85: 45755 | D85: 45769 | E85: =IF(C85<>0,IF(D85<>0,"0","1"),"") -> 0 | F85: =IF(E85="0",NETWORKDAYS(C85,D85,$CB$3:$CB$19),"") -> 11 | K85: 45881 | L85: 45894 | M85: =IF(K85<>0,IF(L85<>0,"0","1"),"") -> 0 | N85: =IF(M85="0",NETWORKDAYS(K85,L85,$CB$3:$CB$19),NETWORKDAYS(K85,'2025整理'!$S$1,$CB$3:$CB$19)) -> 10 | S85: 45993 | T85: 46010 | U85: =IF(S85<>0,IF(T85<>0,"0","1"),"") -> 0 | V85: =IF(U85="0",NETWORKDAYS(S85,T85,$CB$3:$CB$19),NETWORKDAYS(S85,'2025整理'!$S$1,$CB$3:$CB$19)) -> 14 | AE85: 方明 | AF85: 方明 | AG85: - | AH85: 3990.06 | AI85: 3826.55 | AJ85: 3921.57 | AK85: 3760.87 | AL85: =IF(AND(AK85<>"",AJ85<>""),IF(AK85>AJ85,"核增",IF(AK85<AJ85,"核减","不变")),"") -> 核减 | AM85: =IF(AND(AI85<>"",AH85<>""),MAX(ABS(AI85),ABS(AH85))-MIN(ABS(AI85),ABS(AH85)),"") -> 163.51 | AN85: =IF(AND(AK85<>"",AJ85<>""),MAX(ABS(AK85),ABS(AJ85))-MIN(ABS(AK85),ABS(AJ85)),"") -> 160.7 | AU85: 3895.9 | AV85: 3680.79 | AW85: 3829.03 | AX85: 3623.83 | AY85: =IF(AND(AX85<>"",AW85<>""),IF(AX85>AW85,"核增",IF(AX85<AW85,"核减","不变")),"") -> 核减 | AZ85: =IF(AND(AX85<>"",AW85<>""),MAX(ABS(AX85),ABS(AW85))-MIN(ABS(AX85),ABS(AW85)),"") -> 205.2 | BA85: =IF(AND(AV85<>"",AI85<>""),IF(AV85>AI85,"核增",IF(AV85<AI85,"核减","不变")),"")&TEXT(IF(AND(AV85<>"",AI85<>""),MAX(ABS(AV85),ABS(AI85))-MIN(ABS(AV85),ABS(AI85)),""),"0.00") -> 核减145.76 | BH85: 3852.91 | BI85: 3610.17 | BJ85: 3793.29 | BK85: 3554.3 | BL85: =IF(AND(BK85<>"",BJ85<>""),IF(BK85>BJ85,"核增",IF(BK85<BJ85,"核减","不变")),"") -> 核减 | BM85: =IF(AND(BK85<>"",BJ85<>""),MAX(ABS(BK85),ABS(BJ85))-MIN(ABS(BK85),ABS(BJ85)),"") -> 238.99 | BN85: =IF(AND(BI85<>"",AV85<>""),IF(BI85>AV85,"核增",IF(BI85<AV85,"核减","不变")),"")&TEXT(IF(AND(BI85<>"",AV85<>""),MAX(ABS(BI85),ABS(AV85))-MIN(ABS(BI85),ABS(AV85)),""),"0.00") -> 核减70.62
A86: 110kV绿湖输变电工程（电气分册） | B86: 工程院 | S86: 45761 | T86: 45791 | U86: =IF(S86<>0,IF(T86<>0,"0","1"),"") -> 0 | V86: =IF(U86="0",NETWORKDAYS(S86,T86,$EO$3:$EO$11),"") -> 23 | AE86: 樊心田 | AF86: 樊心田 | AG86: 陈伟哲 | AV86: 6966.02 | AX86: 6859.55 | BH86: 6770.09 | BI86: 6657.3 | BJ86: 6666.68 | BK86: 6555.61 | BL86: =IF(AND(BK86<>"",BJ86<>""),IF(BK86>BJ86,"核增",IF(BK86<BJ86,"核减","不变")),"") -> 核减 | BM86: =IF(AND(BK86<>"",BJ86<>""),MAX(ABS(BK86),ABS(BJ86))-MIN(ABS(BK86),ABS(BJ86)),"") -> 111.07 | BN86: =IF(AND(BI86<>"",AV86<>""),IF(BI86>AV86,"核增",IF(BI86<AV86,"核减","不变")),"")&TEXT(IF(AND(BI86<>"",AV86<>""),MAX(ABS(BI86),ABS(AV86))-MIN(ABS(BI86),ABS(AV86)),""),"0.00") -> 核减308.72
A87: 110kV石吓输变电工程（电气分册） | B87: 工程院 | E87: =IF(C87<>0,IF(D87<>0,"0","1"),"") | K87: 46052 | M87: =IF(K87<>0,IF(L87<>0,"0","1"),"") -> 1 | N87: =IF(M87="0",NETWORKDAYS(K87,L87,$CB$3:$CB$19),NETWORKDAYS(K87,'2025整理'!$S$1,$CB$3:$CB$19)) -> -25 | AE87: 谢瑞莲 | AF87: 谢瑞莲 | AG87: 王志会
A88: 220kV粤电花都天然气热电项目配套送出线路工程(第二分册) | B88: 汇隽院 | O88: 45758 | P88: 45769 | Q88: =IF(O88<>0,IF(P88<>0,"0","1"),"") -> 0 | R88: =IF(Q88="0",NETWORKDAYS(O88,P88,$EO$3:$EO$10),"") -> 8 | AE88: 陈伟哲 | AF88: - | AG88: 陈伟哲 | AY88: =IF(AND(AX88<>"",AW88<>""),IF(AX88>AW88,"核增",IF(AX88<AW88,"核减","不变")),"") | AZ88: =IF(AND(AX88<>"",AW88<>""),MAX(ABS(AX88),ABS(AW88))-MIN(ABS(AX88),ABS(AW88)),"") | BA88: =IF(AND(AV88<>"",AI88<>""),IF(AV88>AI88,"核增",IF(AV88<AI88,"核减","不变")),"")&TEXT(IF(AND(AV88<>"",AI88<>""),MAX(ABS(AV88),ABS(AI88))-MIN(ABS(AV88),ABS(AI88)),""),"0.00") | BB88: 1466 | BC88: 1466 | BD88: 1463 | BE88: 1463 | BF88: =IF(AND(BE88<>"",BD88<>""),IF(BE88>BD88,"核增",IF(BE88<BD88,"核减","不变")),"") -> 不变 | BG88: =IF(AND(BE88<>"",BD88<>""),MAX(ABS(BE88),ABS(BD88))-MIN(ABS(BE88),ABS(BD88)),"") -> 0
A89: 220kV航云至永福线路工程（电气部分） | B89: 工程院 | S89: 46052 | U89: =IF(S89<>0,IF(T89<>0,"0","1"),"") -> 1 | V89: =IF(U89="0",NETWORKDAYS(S89,T89,$CB$3:$CB$19),NETWORKDAYS(S89,'2025整理'!$S$1,$CB$3:$CB$19)) -> -25 | AC89: =IF(AA89<>0,IF(AB89<>0,"0","1"),"") | AE89: 王志会 | AF89: 谢瑞莲 | AG89: 王志会
A90: 500kV狮南甲线#62（乙线#61）塔防撞设施升级改造工程 | B90: 省院 | K90: 45734 | L90: 45754 | M90: =IF(K90<>0,IF(L90<>0,"0","1"),"") -> 0 | N90: =IF(M90="0",NETWORKDAYS(K90,L90,$CB$3:$CB$19),"") -> 14 | S90: 45734 | T90: 45763 | U90: =IF(S90<>0,IF(T90<>0,"0","1"),"") -> 0 | V90: =IF(U90="0",NETWORKDAYS(S90,T90,$CB$3:$CB$19),NETWORKDAYS(S90,'2025整理'!$S$1,$CB$3:$CB$19)) -> 21 | AE90: 陈伟哲 | AF90: - | AG90: 陈伟哲 | AU90: 2999.94 | AV90: 2999.94 | AW90: 2999.94 | AX90: 2999.94 | AY90: =IF(AND(AX90<>"",AW90<>""),IF(AX90>AW90,"核增",IF(AX90<AW90,"核减","不变")),"") -> 不变 | AZ90: =IF(AND(AX90<>"",AW90<>""),MAX(ABS(AX90),ABS(AW90))-MIN(ABS(AX90),ABS(AW90)),"") -> 0 | BA90: =IF(AND(AV90<>"",AI90<>""),IF(AV90>AI90,"核增",IF(AV90<AI90,"核减","不变")),"")&TEXT(IF(AND(AV90<>"",AI90<>""),MAX(ABS(AV90),ABS(AI90))-MIN(ABS(AV90),ABS(AI90)),""),"0.00") | BH90: 2999.8 | BI90: 2999.8 | BJ90: 2999.8 | BK90: 2999.8 | BL90: =IF(AND(BK90<>"",BJ90<>""),IF(BK90>BJ90,"核增",IF(BK90<BJ90,"核减","不变")),"") -> 不变 | BM90: =IF(AND(BK90<>"",BJ90<>""),MAX(ABS(BK90),ABS(BJ90))-MIN(ABS(BK90),ABS(BJ90)),"") -> 0 | BN90: =IF(AND(BI90<>"",AV90<>""),IF(BI90>AV90,"核增",IF(BI90<AV90,"核减","不变")),"")&TEXT(IF(AND(BI90<>"",AV90<>""),MAX(ABS(BI90),ABS(AV90))-MIN(ABS(BI90),ABS(AV90)),""),"0.00") -> 核减0.14
A91: 恒运东区燃气热电联产项目及配套送出线路工程（第三分册） | B91: 广州院 | S91: 45763 | T91: 45798 | U91: =IF(S91<>0,IF(T91<>0,"0","1"),"") -> 0 | V91: =IF(U91="0",NETWORKDAYS(S91,T91,$CB$3:$CB$19),NETWORKDAYS(S91,'2025整理'!$S$1,$CB$3:$CB$19)) -> 26 | AE91: 陈伟哲 | AF91: 谢瑞莲 | AG91: 陈伟哲 | AV91: 25436.42 | AX91: 25000.38 | BH91: 24319.31 | BI91: 23325.96 | BJ91: =23937.85 -> 23937.85 | BK91: 22964.72 | BL91: =IF(AND(BK91<>"",BJ91<>""),IF(BK91>BJ91,"核增",IF(BK91<BJ91,"核减","不变")),"") -> 核减 | BM91: 973.13 | BN91: =IF(AND(BI91<>"",AV91<>""),IF(BI91>AV91,"核增",IF(BI91<AV91,"核减","不变")),"")&TEXT(IF(AND(BI91<>"",AV91<>""),MAX(ABS(BI91),ABS(AV91))-MIN(ABS(BI91),ABS(AV91)),""),"0.00") -> 核减2110.46
A92: 广州市流花湖电力隧道 | B92: 其他 | S92: 46052 | U92: =IF(S92<>0,IF(T92<>0,"0","1"),"") -> 1 | V92: =IF(U92="0",NETWORKDAYS(S92,T92,$CB$3:$CB$19),NETWORKDAYS(S92,'2025整理'!$S$1,$CB$3:$CB$19)) -> -25 | AE92: 陈伟哲 | AF92: - | AG92: 陈伟哲
A93: 220 kV车城站第 3 台主变扩建工程 | B93: 工程院 | K93: 45771 | L93: 45790 | M93: =IF(K93<>0,IF(L93<>0,"0","1"),"") -> 0 | N93: =IF(M93="0",NETWORKDAYS(K93,L93,$CB$3:$CB$19),"") -> 14 | S93: 45861 | T93: 45887 | U93: =IF(S93<>0,IF(T93<>0,"0","1"),"") -> 0 | V93: =IF(U93="0",NETWORKDAYS(S93,T93,$CB$3:$CB$19),NETWORKDAYS(S93,'2025整理'!$S$1,$CB$3:$CB$19)) -> 19 | AE93: 谢瑞莲 | AF93: 谢瑞莲 | AG93: 陈伟哲 | AI93: 3145.97 | AK93: 3116.81 | AU93: 3368.86 | AV93: 3264.25 | AW93: 3340.73 | AX93: 3236.99 | AY93: =IF(AND(AX93<>"",AW93<>""),IF(AX93>AW93,"核增",IF(AX93<AW93,"核减","不变")),"") -> 核减 | AZ93: =IF(AND(AX93<>"",AW93<>""),MAX(ABS(AX93),ABS(AW93))-MIN(ABS(AX93),ABS(AW93)),"") -> 103.74 | BA93: =IF(AND(AV93<>"",AI93<>""),IF(AV93>AI93,"核增",IF(AV93<AI93,"核减","不变")),"")&TEXT(IF(AND(AV93<>"",AI93<>""),MAX(ABS(AV93),ABS(AI93))-MIN(ABS(AV93),ABS(AI93)),""),"0.00") -> 核增118.28 | BH93: 3224.25 | BI93: 3260 | BJ93: 3197.33 | BK93: 3232.78 | BL93: =IF(AND(BK93<>"",BJ93<>""),IF(BK93>BJ93,"核增",IF(BK93<BJ93,"核减","不变")),"") -> 核增 | BM93: =IF(AND(BK93<>"",BJ93<>""),MAX(ABS(BK93),ABS(BJ93))-MIN(ABS(BK93),ABS(BJ93)),"") -> 35.45 | BN93: =IF(AND(BI93<>"",AV93<>""),IF(BI93>AV93,"核增",IF(BI93<AV93,"核减","不变")),"")&TEXT(IF(AND(BI93<>"",AV93<>""),MAX(ABS(BI93),ABS(AV93))-MIN(ABS(BI93),ABS(AV93)),""),"0.00") -> 核减4.25
A94: 220kV航云永福线路工程白云段 | B94: 工程院 | AA94: 45774 | AB94: 45775 | AC94: =IF(AA94<>0,IF(AB94<>0,"0","1"),"") -> 0 | AD94: =IF(AC94="0",NETWORKDAYS(AA94,AB94,$CB$3:$CB$19),"") -> 1 | AE94: 王志会 | AF94: - | AG94: 王志会 | BU94: 792.98 | BV94: 690.17 | BW94: 792.98 | BX94: 690.17 | BY94: =IF(AND(BX94<>"",BW94<>""),IF(BX94>BW94,"核增",IF(BX94<BW94,"核减","不变")),"") -> 核减 | BZ94: =IF(AND(BX94<>"",BW94<>""),MAX(ABS(BX94),ABS(BW94))-MIN(ABS(BX94),ABS(BW94)),"") -> 102.81
A95: 220kV航云永福线路工程白云段 | B95: 工程院 | AA95: 46015 | AC95: =IF(AA95<>0,IF(AB95<>0,"0","1"),"") -> 1 | AD95: =IF(AC95="0",NETWORKDAYS(AA95,AB95,$CB$3:$CB$19),NETWORKDAYS(AA95,'2025整理'!$S$1,$CB$3:$CB$19)) -> 4 | AE95: 王志会 | AF95: - | AG95: 王志会
A96: 恒运东区燃气热电联产项目及配套送出线路工程（第二分册） | B96: 广州院 | S96: 45758 | T96: 45758 | U96: =IF(S96<>0,IF(T96<>0,"0","1"),"") -> 0 | V96: =IF(U96="0",NETWORKDAYS(S96,T96,$EO$3:$EO$11),"") -> 1 | AE96: 陈伟哲 | AF96: 谢瑞莲 | AG96: 陈伟哲 | AV96: 18990.67 | AX96: 18990.67 | BH96: 17244.18 | BI96: 17396.89 | BJ96: 17032.99 | BK96: 17183.87 | BL96: =IF(AND(BK96<>"",BJ96<>""),IF(BK96>BJ96,"核增",IF(BK96<BJ96,"核减","不变")),"") -> 核增 | BM96: =IF(AND(BK96<>"",BJ96<>""),MAX(ABS(BK96),ABS(BJ96))-MIN(ABS(BK96),ABS(BJ96)),"") -> 150.88 | BN96: =IF(AND(BI96<>"",AV96<>""),IF(BI96>AV96,"核增",IF(BI96<AV96,"核减","不变")),"")&TEXT(IF(AND(BI96<>"",AV96<>""),MAX(ABS(BI96),ABS(AV96))-MIN(ABS(BI96),ABS(AV96)),""),"0.00") -> 核减1593.78
A97: 110kV礼村II（植村）输变电工程（电气分册） | B97: 汇隽院 | C97: 45770 | D97: 45791 | E97: =IF(C97<>0,IF(D97<>0,"0","1"),"") -> 0 | F97: =IF(E97="0",NETWORKDAYS(C97,D97,$CB$3:$CB$19),NETWORKDAYS(C97,'2025整理'!$S$1,$CB$3:$CB$19)) -> 16 | K97: 45994 | M97: =IF(K97<>0,IF(L97<>0,"0","1"),"") -> 1 | N97: =IF(M97="0",NETWORKDAYS(K97,L97,$CB$3:$CB$19),NETWORKDAYS(K97,'2025整理'!$S$1,$CB$3:$CB$19)) -> 19 | AE97: 方明 | AF97: 方明 | AG97: 黄小珈 | AH97: 11311.34 | AI97: 10948.57 | AJ97: 11117.71 | AK97: 10761.15 | AL97: =IF(AND(AK97<>"",AJ97<>""),IF(AK97>AJ97,"核增",IF(AK97<AJ97,"核减","不变")),"") -> 核减 | AM97: =IF(AND(AI97<>"",AH97<>""),MAX(ABS(AI97),ABS(AH97))-MIN(ABS(AI97),ABS(AH97)),"") -> 362.77 | AN97: =IF(AND(AK97<>"",AJ97<>""),MAX(ABS(AK97),ABS(AJ97))-MIN(ABS(AK97),ABS(AJ97)),"") -> 356.56
A98: 220kV南沙港铁路牵引站配套线路工程（第二分册） | B98: 广州院 | K98: 45845 | L98: 45847 | M98: =IF(K98<>0,IF(L98<>0,"0","1"),"") -> 0 | N98: =IF(M98="0",NETWORKDAYS(K98,L98,$CB$3:$CB$19),NETWORKDAYS(K98,'2025整理'!$S$1,$CB$3:$CB$19)) -> 3 | S98: 46001 | T98: 46009 | U98: =IF(S98<>0,IF(T98<>0,"0","1"),"") -> 0 | V98: =IF(U98="0",NETWORKDAYS(S98,T98,$CB$3:$CB$19),NETWORKDAYS(S98,'2025整理'!$S$1,$CB$3:$CB$19)) -> 7 | AE98: 陈伟哲 | AF98: 谢瑞莲 | AG98: 陈伟哲 | AI98: 6558.56 | AK98: 6454.3 | AU98: 6452.49 | AV98: 6052.26 | AW98: 6537.26 | AX98: 5966.92 | AY98: =IF(AND(AX98<>"",AW98<>""),IF(AX98>AW98,"核增",IF(AX98<AW98,"核减","不变")),"") -> 核减 | AZ98: =IF(AND(AX98<>"",AW98<>""),MAX(ABS(AX98),ABS(AW98))-MIN(ABS(AX98),ABS(AW98)),"") -> 570.34 | BA98: =IF(AND(AV98<>"",AI98<>""),IF(AV98>AI98,"核增",IF(AV98<AI98,"核减","不变")),"")&TEXT(IF(AND(AV98<>"",AI98<>""),MAX(ABS(AV98),ABS(AI98))-MIN(ABS(AV98),ABS(AI98)),""),"0.00") -> 核减506.30 | BH98: 5019.1 | BI98: 5519.06 | BJ98: 4960.74 | BK98: 5441.88 | BL98: =IF(AND(BK98<>"",BJ98<>""),IF(BK98>BJ98,"核增",IF(BK98<BJ98,"核减","不变")),"") -> 核增 | BM98: =IF(AND(BK98<>"",BJ98<>""),MAX(ABS(BK98),ABS(BJ98))-MIN(ABS(BK98),ABS(BJ98)),"") -> 481.14 | BN98: =IF(AND(BI98<>"",AV98<>""),IF(BI98>AV98,"核增",IF(BI98<AV98,"核减","不变")),"")&TEXT(IF(AND(BI98<>"",AV98<>""),MAX(ABS(BI98),ABS(AV98))-MIN(ABS(BI98),ABS(AV98)),""),"0.00") -> 核减533.20
A99: 110kV茶东扩建主变工程 | B99: 汇隽院 | C99: 45775 | D99: 45796 | E99: =IF(C99<>0,IF(D99<>0,"0","1"),"") -> 0 | F99: =IF(E99="0",NETWORKDAYS(C99,D99,$CB$3:$CB$19),NETWORKDAYS(C99,'2025整理'!$S$1,$CB$3:$CB$19)) -> 16 | AE99: 谢瑞莲 | AF99: 谢瑞莲 | AG99: 王志会 | AH99: 4291.14 | AI99: 4391.23 | AJ99: 4231.77 | AK99: 4330.65 | AL99: =IF(AND(AK99<>"",AJ99<>""),IF(AK99>AJ99,"核增",IF(AK99<AJ99,"核减","不变")),"") -> 核增 | AM99: =IF(AND(AI99<>"",AH99<>""),MAX(ABS(AI99),ABS(AH99))-MIN(ABS(AI99),ABS(AH99)),"") -> 100.09 | AN99: =IF(AND(AK99<>"",AJ99<>""),MAX(ABS(AK99),ABS(AJ99))-MIN(ABS(AK99),ABS(AJ99)),"") -> 98.88
A100: 110kV乐新输变电工程（土建分册） | B100: 汇隽院 | E100: =IF(C100<>0,IF(D100<>0,"0","1"),"") | W100: 45903 | X100: 45908 | Y100: =IF(W100<>0,IF(X100<>0,"0","1"),"") -> 0 | Z100: =IF(Y100="0",NETWORKDAYS(W100,X100,$CB$3:$CB$19),NETWORKDAYS(W100,'2025整理'!$S$1,$CB$3:$CB$19)) -> 4 | AE100: 樊心田 | AF100: 樊心田 | AG100: - | BI100: 4626.87 | BK100: 4555.27 | BO100: 4772.51 | BP100: 4772.51 | BQ100: 4698.65 | BR100: 4698.65 | BS100: =IF(AND(BR100<>"",BQ100<>""),IF(BR100>BQ100,"核增",IF(BR100<BQ100,"核减","不变")),"") -> 不变 | BT100: =IF(AND(BR100<>"",BQ100<>""),MAX(ABS(BR100),ABS(BQ100))-MIN(ABS(BR100),ABS(BQ100)),"") -> 0
...

Sheet 2025整理
A1: 设计阶段 | B1: 评审阶段 | C1: 统计维度 | D1: 单位 | E1: 统计项目 | F1: 1月 | G1: 2月 | H1: 3月 | I1: 4月 | J1: 5月 | K1: 6月 | L1: 7月 | M1: 8月 | N1: 9月 | O1: 10月 | P1: 11月 | Q1: 12月 | S1: =TODAY() -> 46020
A2: 可研 | B2: 计划评审 | C2: 每月数量 | D2: 广州局 | E2: 每月计划 | F2: =IF($S$1<DATE(2025,1,1)," ",IF((SUM(F3:F9)-MAX(F15,F19))<0,"ERR",SUM(F3:F9))) -> 6 | G2: =IF($S$1<DATE(2025,2,1)," ",IF((SUM(G3:G9)-MAX(G15,G19))<0,"ERR",SUM(G3:G9))) -> 1 | H2: =IF($S$1<DATE(2025,3,1)," ",IF((SUM(H3:H9)-MAX(H15,H19))<0,"ERR",SUM(H3:H9))) -> 4 | I2: =IF($S$1<DATE(2025,4,1)," ",IF((SUM(I3:I9)-MAX(I15,I19))<0,"ERR",SUM(I3:I9))) -> 5 | J2: =IF($S$1<DATE(2025,5,1)," ",IF((SUM(J3:J9)-MAX(J15,J19))<0,"ERR",SUM(J3:J9))) -> 1 | K2: =IF($S$1<DATE(2025,6,1)," ",IF((SUM(K3:K9)-MAX(K15,K19))<0,"ERR",SUM(K3:K9))) -> 5 | L2: =IF($S$1<DATE(2025,7,1)," ",IF((SUM(L3:L9)-MAX(L15,L19))<0,"ERR",SUM(L3:L9))) -> 6 | M2: =IF($S$1<DATE(2025,8,1)," ",IF((SUM(M3:M9)-MAX(M15,M19))<0,"ERR",SUM(M3:M9))) -> 5 | N2: =IF($S$1<DATE(2025,9,1)," ",IF((SUM(N3:N9)-MAX(N15,N19))<0,"ERR",SUM(N3:N9))) -> 5 | O2: =IF($S$1<DATE(2025,10,1)," ",IF((SUM(O3:O9)-MAX(O15,O19))<0,"ERR",SUM(O3:O9))) -> 7 | P2: =IF($S$1<DATE(2025,11,1)," ",IF((SUM(P3:P9)-MAX(P15,P19))<0,"ERR",SUM(P3:P9))) -> 8 | Q2: =IF($S$1<DATE(2025,12,1)," ",IF((SUM(Q3:Q9)-MAX(Q15,Q19))<0,"ERR",SUM(Q3:Q9))) -> 3 | S2: 设计阶段 | T2: 评审阶段 | U2: 统计维度 | V2: 单位 | W2: 统计项目 | X2: 1月 | Y2: 2月 | Z2: 3月 | AA2: 4月 | AB2: 5月 | AC2: 6月 | AD2: 7月 | AE2: 8月 | AF2: 9月 | AG2: 10月 | AH2: 11月 | AI2: 12月
A3: 可研 | B3: 计划评审 | C3: 每月数量 | D3: 负责人 | E3: 方明 | F3: =IF($S$1<DATE(2025,1,1)," ",COUNTIFS('2025数据'!$C$3:$C$181,">="&DATE(2024,1,1),'2025数据'!$C$3:$C$181,"<="&DATE(2025,1,31),'2025数据'!$AE$3:$AE$181,$E3)) -> 0 | G3: =IF($S$1<DATE(2025,2,1)," ",COUNTIFS('2025数据'!$C$3:$C$181,">="&DATE(2025,2,1),'2025数据'!$C$3:$C$181,"<="&DATE(2025,2,28),'2025数据'!$AE$3:$AE$181,$E3)) -> 1 | H3: =IF($S$1<DATE(2025,3,1)," ",COUNTIFS('2025数据'!$C$3:$C$181,">="&DATE(2025,3,1),'2025数据'!$C$3:$C$181,"<="&DATE(2025,3,31),'2025数据'!$AE$3:$AE$181,$E3)) -> 1 | I3: =IF($S$1<DATE(2025,4,1)," ",COUNTIFS('2025数据'!$C$3:$C$181,">="&DATE(2025,4,1),'2025数据'!$C$3:$C$181,"<="&DATE(2025,4,30),'2025数据'!$AE$3:$AE$181,$E3)) -> 3 | J3: =IF($S$1<DATE(2025,5,1)," ",COUNTIFS('2025数据'!$C$3:$C$181,">="&DATE(2025,5,1),'2025数据'!$C$3:$C$181,"<="&DATE(2025,5,31),'2025数据'!$AE$3:$AE$181,$E3)) -> 0 | K3: =IF($S$1<DATE(2025,6,1)," ",COUNTIFS('2025数据'!$C$3:$C$181,">="&DATE(2025,6,1),'2025数据'!$C$3:$C$181,"<="&DATE(2025,6,30),'2025数据'!$AE$3:$AE$181,$E3)) -> 2 | L3: =IF($S$1<DATE(2025,7,1)," ",COUNTIFS('2025数据'!$C$3:$C$181,">="&DATE(2025,7,1),'2025数据'!$C$3:$C$181,"<="&DATE(2025,7,31),'2025数据'!$AE$3:$AE$181,$E3)) -> 1 | M3: =IF($S$1<DATE(2025,8,1)," ",COUNTIFS('2025数据'!$C$3:$C$181,">="&DATE(2025,8,1),'2025数据'!$C$3:$C$181,"<="&DATE(2025,8,31),'2025数据'!$AE$3:$AE$181,$E3)) -> 2 | N3: =IF($S$1<DATE(2025,9,1)," ",COUNTIFS('2025数据'!$C$3:$C$181,">="&DATE(2025,9,1),'2025数据'!$C$3:$C$181,"<="&DATE(2025,9,30),'2025数据'!$AE$3:$AE$181,$E3)) -> 3 | O3: =IF($S$1<DATE(2025,10,1)," ",COUNTIFS('2025数据'!$C$3:$C$181,">="&DATE(2025,10,1),'2025数据'!$C$3:$C$181,"<="&DATE(2025,10,31),'2025数据'!$AE$3:$AE$181,$E3)) -> 0 | P3: =IF($S$1<DATE(2025,11,1)," ",COUNTIFS('2025数据'!$C$3:$C$181,">="&DATE(2025,11,1),'2025数据'!$C$3:$C$181,"<="&DATE(2025,11,30),'2025数据'!$AE$3:$AE$181,$E3)) -> 1 | Q3: =IF($S$1<DATE(2025,12,1)," ",COUNTIFS('2025数据'!$C$3:$C$181,">="&DATE(2025,12,1),'2025数据'!$C$3:$C$181,"<="&DATE(2025,12,31),'2025数据'!$AE$3:$AE$181,$E3)) -> 2
A4: 可研 | B4: 计划评审 | C4: 每月数量 | D4: 负责人 | E4: 谢瑞莲 | F4: =IF($S$1<DATE(2025,1,1)," ",COUNTIFS('2025数据'!$C$3:$C$181,">="&DATE(2024,1,1),'2025数据'!$C$3:$C$181,"<="&DATE(2025,1,31),'2025数据'!$AE$3:$AE$181,$E4)) -> 2 | G4: =IF($S$1<DATE(2025,2,1)," ",COUNTIFS('2025数据'!$C$3:$C$181,">="&DATE(2025,2,1),'2025数据'!$C$3:$C$181,"<="&DATE(2025,2,28),'2025数据'!$AE$3:$AE$181,$E4)) -> 0 | H4: =IF($S$1<DATE(2025,3,1)," ",COUNTIFS('2025数据'!$C$3:$C$181,">="&DATE(2025,3,1),'2025数据'!$C$3:$C$181,"<="&DATE(2025,3,31),'2025数据'!$AE$3:$AE$181,$E4)) -> 3 | I4: =IF($S$1<DATE(2025,4,1)," ",COUNTIFS('2025数据'!$C$3:$C$181,">="&DATE(2025,4,1),'2025数据'!$C$3:$C$181,"<="&DATE(2025,4,30),'2025数据'!$AE$3:$AE$181,$E4)) -> 1 | J4: =IF($S$1<DATE(2025,5,1)," ",COUNTIFS('2025数据'!$C$3:$C$181,">="&DATE(2025,5,1),'2025数据'!$C$3:$C$181,"<="&DATE(2025,5,31),'2025数据'!$AE$3:$AE$181,$E4)) -> 0 | K4: =IF($S$1<DATE(2025,6,1)," ",COUNTIFS('2025数据'!$C$3:$C$181,">="&DATE(2025,6,1),'2025数据'!$C$3:$C$181,"<="&DATE(2025,6,30),'2025数据'!$AE$3:$AE$181,$E4)) -> 1 | L4: =IF($S$1<DATE(2025,7,1)," ",COUNTIFS('2025数据'!$C$3:$C$181,">="&DATE(2025,7,1),'2025数据'!$C$3:$C$181,"<="&DATE(2025,7,31),'2025数据'!$AE$3:$AE$181,$E4)) -> 0 | M4: =IF($S$1<DATE(2025,8,1)," ",COUNTIFS('2025数据'!$C$3:$C$181,">="&DATE(2025,8,1),'2025数据'!$C$3:$C$181,"<="&DATE(2025,8,31),'2025数据'!$AE$3:$AE$181,$E4)) -> 1 | N4: =IF($S$1<DATE(2025,9,1)," ",COUNTIFS('2025数据'!$C$3:$C$181,">="&DATE(2025,9,1),'2025数据'!$C$3:$C$181,"<="&DATE(2025,9,30),'2025数据'!$AE$3:$AE$181,$E4)) -> 0 | O4: =IF($S$1<DATE(2025,10,1)," ",COUNTIFS('2025数据'!$C$3:$C$181,">="&DATE(2025,10,1),'2025数据'!$C$3:$C$181,"<="&DATE(2025,10,31),'2025数据'!$AE$3:$AE$181,$E4)) -> 5 | P4: =IF($S$1<DATE(2025,11,1)," ",COUNTIFS('2025数据'!$C$3:$C$181,">="&DATE(2025,11,1),'2025数据'!$C$3:$C$181,"<="&DATE(2025,11,30),'2025数据'!$AE$3:$AE$181,$E4)) -> 1 | Q4: =IF($S$1<DATE(2025,12,1)," ",COUNTIFS('2025数据'!$C$3:$C$181,">="&DATE(2025,12,1),'2025数据'!$C$3:$C$181,"<="&DATE(2025,12,31),'2025数据'!$AE$3:$AE$181,$E4)) -> 1
A5: 可研 | B5: 计划评审 | C5: 每月数量 | D5: 负责人 | E5: 樊心田 | F5: =IF($S$1<DATE(2025,1,1)," ",COUNTIFS('2025数据'!$C$3:$C$181,">="&DATE(2024,1,1),'2025数据'!$C$3:$C$181,"<="&DATE(2025,1,31),'2025数据'!$AE$3:$AE$181,$E5)) -> 0 | G5: =IF($S$1<DATE(2025,2,1)," ",COUNTIFS('2025数据'!$C$3:$C$181,">="&DATE(2025,2,1),'2025数据'!$C$3:$C$181,"<="&DATE(2025,2,28),'2025数据'!$AE$3:$AE$181,$E5)) -> 0 | H5: =IF($S$1<DATE(2025,3,1)," ",COUNTIFS('2025数据'!$C$3:$C$181,">="&DATE(2025,3,1),'2025数据'!$C$3:$C$181,"<="&DATE(2025,3,31),'2025数据'!$AE$3:$AE$181,$E5)) -> 0 | I5: =IF($S$1<DATE(2025,4,1)," ",COUNTIFS('2025数据'!$C$3:$C$181,">="&DATE(2025,4,1),'2025数据'!$C$3:$C$181,"<="&DATE(2025,4,30),'2025数据'!$AE$3:$AE$181,$E5)) -> 0 | J5: =IF($S$1<DATE(2025,5,1)," ",COUNTIFS('2025数据'!$C$3:$C$181,">="&DATE(2025,5,1),'2025数据'!$C$3:$C$181,"<="&DATE(2025,5,31),'2025数据'!$AE$3:$AE$181,$E5)) -> 1 | K5: =IF($S$1<DATE(2025,6,1)," ",COUNTIFS('2025数据'!$C$3:$C$181,">="&DATE(2025,6,1),'2025数据'!$C$3:$C$181,"<="&DATE(2025,6,30),'2025数据'!$AE$3:$AE$181,$E5)) -> 1 | L5: =IF($S$1<DATE(2025,7,1)," ",COUNTIFS('2025数据'!$C$3:$C$181,">="&DATE(2025,7,1),'2025数据'!$C$3:$C$181,"<="&DATE(2025,7,31),'2025数据'!$AE$3:$AE$181,$E5)) -> 3 | M5: =IF($S$1<DATE(2025,8,1)," ",COUNTIFS('2025数据'!$C$3:$C$181,">="&DATE(2025,8,1),'2025数据'!$C$3:$C$181,"<="&DATE(2025,8,31),'2025数据'!$AE$3:$AE$181,$E5)) -> 0 | N5: =IF($S$1<DATE(2025,9,1)," ",COUNTIFS('2025数据'!$C$3:$C$181,">="&DATE(2025,9,1),'2025数据'!$C$3:$C$181,"<="&DATE(2025,9,30),'2025数据'!$AE$3:$AE$181,$E5)) -> 2 | O5: =IF($S$1<DATE(2025,10,1)," ",COUNTIFS('2025数据'!$C$3:$C$181,">="&DATE(2025,10,1),'2025数据'!$C$3:$C$181,"<="&DATE(2025,10,31),'2025数据'!$AE$3:$AE$181,$E5)) -> 1 | P5: =IF($S$1<DATE(2025,11,1)," ",COUNTIFS('2025数据'!$C$3:$C$181,">="&DATE(2025,11,1),'2025数据'!$C$3:$C$181,"<="&DATE(2025,11,30),'2025数据'!$AE$3:$AE$181,$E5)) -> 4 | Q5: =IF($S$1<DATE(2025,12,1)," ",COUNTIFS('2025数据'!$C$3:$C$181,">="&DATE(2025,12,1),'2025数据'!$C$3:$C$181,"<="&DATE(2025,12,31),'2025数据'!$AE$3:$AE$181,$E5)) -> 0
A6: 可研 | B6: 计划评审 | C6: 每月数量 | D6: 负责人 | E6: 陈伟哲 | F6: =IF($S$1<DATE(2025,1,1)," ",COUNTIFS('2025数据'!$C$3:$C$181,">="&DATE(2024,1,1),'2025数据'!$C$3:$C$181,"<="&DATE(2025,1,31),'2025数据'!$AE$3:$AE$181,$E6)) -> 2 | G6: =IF($S$1<DATE(2025,2,1)," ",COUNTIFS('2025数据'!$C$3:$C$181,">="&DATE(2025,2,1),'2025数据'!$C$3:$C$181,"<="&DATE(2025,2,28),'2025数据'!$AE$3:$AE$181,$E6)) -> 0 | H6: =IF($S$1<DATE(2025,3,1)," ",COUNTIFS('2025数据'!$C$3:$C$181,">="&DATE(2025,3,1),'2025数据'!$C$3:$C$181,"<="&DATE(2025,3,31),'2025数据'!$AE$3:$AE$181,$E6)) -> 0 | I6: =IF($S$1<DATE(2025,4,1)," ",COUNTIFS('2025数据'!$C$3:$C$181,">="&DATE(2025,4,1),'2025数据'!$C$3:$C$181,"<="&DATE(2025,4,30),'2025数据'!$AE$3:$AE$181,$E6)) -> 1 | J6: =IF($S$1<DATE(2025,5,1)," ",COUNTIFS('2025数据'!$C$3:$C$181,">="&DATE(2025,5,1),'2025数据'!$C$3:$C$181,"<="&DATE(2025,5,31),'2025数据'!$AE$3:$AE$181,$E6)) -> 0 | K6: =IF($S$1<DATE(2025,6,1)," ",COUNTIFS('2025数据'!$C$3:$C$181,">="&DATE(2025,6,1),'2025数据'!$C$3:$C$181,"<="&DATE(2025,6,30),'2025数据'!$AE$3:$AE$181,$E6)) -> 0 | L6: =IF($S$1<DATE(2025,7,1)," ",COUNTIFS('2025数据'!$C$3:$C$181,">="&DATE(2025,7,1),'2025数据'!$C$3:$C$181,"<="&DATE(2025,7,31),'2025数据'!$AE$3:$AE$181,$E6)) -> 1 | M6: =IF($S$1<DATE(2025,8,1)," ",COUNTIFS('2025数据'!$C$3:$C$181,">="&DATE(2025,8,1),'2025数据'!$C$3:$C$181,"<="&DATE(2025,8,31),'2025数据'!$AE$3:$AE$181,$E6)) -> 0 | N6: =IF($S$1<DATE(2025,9,1)," ",COUNTIFS('2025数据'!$C$3:$C$181,">="&DATE(2025,9,1),'2025数据'!$C$3:$C$181,"<="&DATE(2025,9,30),'2025数据'!$AE$3:$AE$181,$E6)) -> 0 | O6: =IF($S$1<DATE(2025,10,1)," ",COUNTIFS('2025数据'!$C$3:$C$181,">="&DATE(2025,10,1),'2025数据'!$C$3:$C$181,"<="&DATE(2025,10,31),'2025数据'!$AE$3:$AE$181,$E6)) -> 1 | P6: =IF($S$1<DATE(2025,11,1)," ",COUNTIFS('2025数据'!$C$3:$C$181,">="&DATE(2025,11,1),'2025数据'!$C$3:$C$181,"<="&DATE(2025,11,30),'2025数据'!$AE$3:$AE$181,$E6)) -> 1 | Q6: =IF($S$1<DATE(2025,12,1)," ",COUNTIFS('2025数据'!$C$3:$C$181,">="&DATE(2025,12,1),'2025数据'!$C$3:$C$181,"<="&DATE(2025,12,31),'2025数据'!$AE$3:$AE$181,$E6)) -> 0
A7: 可研 | B7: 计划评审 | C7: 每月数量 | D7: 负责人 | E7: 黄小珈 | F7: =IF($S$1<DATE(2025,1,1)," ",COUNTIFS('2025数据'!$C$3:$C$181,">="&DATE(2024,1,1),'2025数据'!$C$3:$C$181,"<="&DATE(2025,1,31),'2025数据'!$AE$3:$AE$181,$E7)) -> 1 | G7: =IF($S$1<DATE(2025,2,1)," ",COUNTIFS('2025数据'!$C$3:$C$181,">="&DATE(2025,2,1),'2025数据'!$C$3:$C$181,"<="&DATE(2025,2,28),'2025数据'!$AE$3:$AE$181,$E7)) -> 0 | H7: =IF($S$1<DATE(2025,3,1)," ",COUNTIFS('2025数据'!$C$3:$C$181,">="&DATE(2025,3,1),'2025数据'!$C$3:$C$181,"<="&DATE(2025,3,31),'2025数据'!$AE$3:$AE$181,$E7)) -> 0 | I7: =IF($S$1<DATE(2025,4,1)," ",COUNTIFS('2025数据'!$C$3:$C$181,">="&DATE(2025,4,1),'2025数据'!$C$3:$C$181,"<="&DATE(2025,4,30),'2025数据'!$AE$3:$AE$181,$E7)) -> 0 | J7: =IF($S$1<DATE(2025,5,1)," ",COUNTIFS('2025数据'!$C$3:$C$181,">="&DATE(2025,5,1),'2025数据'!$C$3:$C$181,"<="&DATE(2025,5,31),'2025数据'!$AE$3:$AE$181,$E7)) -> 0 | K7: =IF($S$1<DATE(2025,6,1)," ",COUNTIFS('2025数据'!$C$3:$C$181,">="&DATE(2025,6,1),'2025数据'!$C$3:$C$181,"<="&DATE(2025,6,30),'2025数据'!$AE$3:$AE$181,$E7)) -> 0 | L7: =IF($S$1<DATE(2025,7,1)," ",COUNTIFS('2025数据'!$C$3:$C$181,">="&DATE(2025,7,1),'2025数据'!$C$3:$C$181,"<="&DATE(2025,7,31),'2025数据'!$AE$3:$AE$181,$E7)) -> 1 | M7: =IF($S$1<DATE(2025,8,1)," ",COUNTIFS('2025数据'!$C$3:$C$181,">="&DATE(2025,8,1),'2025数据'!$C$3:$C$181,"<="&DATE(2025,8,31),'2025数据'!$AE$3:$AE$181,$E7)) -> 1 | N7: =IF($S$1<DATE(2025,9,1)," ",COUNTIFS('2025数据'!$C$3:$C$181,">="&DATE(2025,9,1),'2025数据'!$C$3:$C$181,"<="&DATE(2025,9,30),'2025数据'!$AE$3:$AE$181,$E7)) -> 0 | O7: =IF($S$1<DATE(2025,10,1)," ",COUNTIFS('2025数据'!$C$3:$C$181,">="&DATE(2025,10,1),'2025数据'!$C$3:$C$181,"<="&DATE(2025,10,31),'2025数据'!$AE$3:$AE$181,$E7)) -> 0 | P7: =IF($S$1<DATE(2025,11,1)," ",COUNTIFS('2025数据'!$C$3:$C$181,">="&DATE(2025,11,1),'2025数据'!$C$3:$C$181,"<="&DATE(2025,11,30),'2025数据'!$AE$3:$AE$181,$E7)) -> 1 | Q7: =IF($S$1<DATE(2025,12,1)," ",COUNTIFS('2025数据'!$C$3:$C$181,">="&DATE(2025,12,1),'2025数据'!$C$3:$C$181,"<="&DATE(2025,12,31),'2025数据'!$AE$3:$AE$181,$E7)) -> 0
A8: 可研 | B8: 计划评审 | C8: 每月数量 | D8: 负责人 | E8: 梁为 | F8: =IF($S$1<DATE(2025,1,1)," ",COUNTIFS('2025数据'!$C$3:$C$181,">="&DATE(2024,1,1),'2025数据'!$C$3:$C$181,"<="&DATE(2025,1,31),'2025数据'!$AE$3:$AE$181,$E8)) -> 0 | G8: =IF($S$1<DATE(2025,2,1)," ",COUNTIFS('2025数据'!$C$3:$C$181,">="&DATE(2025,2,1),'2025数据'!$C$3:$C$181,"<="&DATE(2025,2,28),'2025数据'!$AE$3:$AE$181,$E8)) -> 0 | H8: =IF($S$1<DATE(2025,3,1)," ",COUNTIFS('2025数据'!$C$3:$C$181,">="&DATE(2025,3,1),'2025数据'!$C$3:$C$181,"<="&DATE(2025,3,31),'2025数据'!$AE$3:$AE$181,$E8)) -> 0 | I8: =IF($S$1<DATE(2025,4,1)," ",COUNTIFS('2025数据'!$C$3:$C$181,">="&DATE(2025,4,1),'2025数据'!$C$3:$C$181,"<="&DATE(2025,4,30),'2025数据'!$AE$3:$AE$181,$E8)) -> 0 | J8: =IF($S$1<DATE(2025,5,1)," ",COUNTIFS('2025数据'!$C$3:$C$181,">="&DATE(2025,5,1),'2025数据'!$C$3:$C$181,"<="&DATE(2025,5,31),'2025数据'!$AE$3:$AE$181,$E8)) -> 0 | K8: =IF($S$1<DATE(2025,6,1)," ",COUNTIFS('2025数据'!$C$3:$C$181,">="&DATE(2025,6,1),'2025数据'!$C$3:$C$181,"<="&DATE(2025,6,30),'2025数据'!$AE$3:$AE$181,$E8)) -> 1 | L8: =IF($S$1<DATE(2025,7,1)," ",COUNTIFS('2025数据'!$C$3:$C$181,">="&DATE(2025,7,1),'2025数据'!$C$3:$C$181,"<="&DATE(2025,7,31),'2025数据'!$AE$3:$AE$181,$E8)) -> 0 | M8: =IF($S$1<DATE(2025,8,1)," ",COUNTIFS('2025数据'!$C$3:$C$181,">="&DATE(2025,8,1),'2025数据'!$C$3:$C$181,"<="&DATE(2025,8,31),'2025数据'!$AE$3:$AE$181,$E8)) -> 0 | N8: =IF($S$1<DATE(2025,9,1)," ",COUNTIFS('2025数据'!$C$3:$C$181,">="&DATE(2025,9,1),'2025数据'!$C$3:$C$181,"<="&DATE(2025,9,30),'2025数据'!$AE$3:$AE$181,$E8)) -> 0 | O8: =IF($S$1<DATE(2025,10,1)," ",COUNTIFS('2025数据'!$C$3:$C$181,">="&DATE(2025,10,1),'2025数据'!$C$3:$C$181,"<="&DATE(2025,10,31),'2025数据'!$AE$3:$AE$181,$E8)) -> 0 | P8: =IF($S$1<DATE(2025,11,1)," ",COUNTIFS('2025数据'!$C$3:$C$181,">="&DATE(2025,11,1),'2025数据'!$C$3:$C$181,"<="&DATE(2025,11,30),'2025数据'!$AE$3:$AE$181,$E8)) -> 0 | Q8: =IF($S$1<DATE(2025,12,1)," ",COUNTIFS('2025数据'!$C$3:$C$181,">="&DATE(2025,12,1),'2025数据'!$C$3:$C$181,"<="&DATE(2025,12,31),'2025数据'!$AE$3:$AE$181,$E8)) -> 0
A9: 可研 | B9: 计划评审 | C9: 每月数量 | D9: 负责人 | E9: 王志会 | F9: =IF($S$1<DATE(2025,1,1)," ",COUNTIFS('2025数据'!$C$3:$C$181,">="&DATE(2024,1,1),'2025数据'!$C$3:$C$181,"<="&DATE(2025,1,31),'2025数据'!$AE$3:$AE$181,$E9)) -> 1 | G9: =IF($S$1<DATE(2025,2,1)," ",COUNTIFS('2025数据'!$C$3:$C$181,">="&DATE(2025,2,1),'2025数据'!$C$3:$C$181,"<="&DATE(2025,2,28),'2025数据'!$AE$3:$AE$181,$E9)) -> 0 | H9: =IF($S$1<DATE(2025,3,1)," ",COUNTIFS('2025数据'!$C$3:$C$181,">="&DATE(2025,3,1),'2025数据'!$C$3:$C$181,"<="&DATE(2025,3,31),'2025数据'!$AE$3:$AE$181,$E9)) -> 0 | I9: =IF($S$1<DATE(2025,4,1)," ",COUNTIFS('2025数据'!$C$3:$C$181,">="&DATE(2025,4,1),'2025数据'!$C$3:$C$181,"<="&DATE(2025,4,30),'2025数据'!$AE$3:$AE$181,$E9)) -> 0 | J9: =IF($S$1<DATE(2025,5,1)," ",COUNTIFS('2025数据'!$C$3:$C$181,">="&DATE(2025,5,1),'2025数据'!$C$3:$C$181,"<="&DATE(2025,5,31),'2025数据'!$AE$3:$AE$181,$E9)) -> 0 | K9: =IF($S$1<DATE(2025,6,1)," ",COUNTIFS('2025数据'!$C$3:$C$181,">="&DATE(2025,6,1),'2025数据'!$C$3:$C$181,"<="&DATE(2025,6,30),'2025数据'!$AE$3:$AE$181,$E9)) -> 0 | L9: =IF($S$1<DATE(2025,7,1)," ",COUNTIFS('2025数据'!$C$3:$C$181,">="&DATE(2025,7,1),'2025数据'!$C$3:$C$181,"<="&DATE(2025,7,31),'2025数据'!$AE$3:$AE$181,$E9)) -> 0 | M9: =IF($S$1<DATE(2025,8,1)," ",COUNTIFS('2025数据'!$C$3:$C$181,">="&DATE(2025,8,1),'2025数据'!$C$3:$C$181,"<="&DATE(2025,8,31),'2025数据'!$AE$3:$AE$181,$E9)) -> 1 | N9: =IF($S$1<DATE(2025,9,1)," ",COUNTIFS('2025数据'!$C$3:$C$181,">="&DATE(2025,9,1),'2025数据'!$C$3:$C$181,"<="&DATE(2025,9,30),'2025数据'!$AE$3:$AE$181,$E9)) -> 0 | O9: =IF($S$1<DATE(2025,10,1)," ",COUNTIFS('2025数据'!$C$3:$C$181,">="&DATE(2025,10,1),'2025数据'!$C$3:$C$181,"<="&DATE(2025,10,31),'2025数据'!$AE$3:$AE$181,$E9)) -> 0 | P9: =IF($S$1<DATE(2025,11,1)," ",COUNTIFS('2025数据'!$C$3:$C$181,">="&DATE(2025,11,1),'2025数据'!$C$3:$C$181,"<="&DATE(2025,11,30),'2025数据'!$AE$3:$AE$181,$E9)) -> 0 | Q9: =IF($S$1<DATE(2025,12,1)," ",COUNTIFS('2025数据'!$C$3:$C$181,">="&DATE(2025,12,1),'2025数据'!$C$3:$C$181,"<="&DATE(2025,12,31),'2025数据'!$AE$3:$AE$181,$E9)) -> 0
A10: 可研 | B10: 计划评审 | C10: 每月数量 | D10: 设计 | E10: 广州院 | F10: =IF($S$1<DATE(2025,1,1)," ",COUNTIFS('2025数据'!$C$3:$C$181,">="&DATE(2024,1,1),'2025数据'!$C$3:$C$181,"<="&DATE(2025,1,31),'2025数据'!$B$3:$B$181,$E10)) -> 4 | G10: =IF($S$1<DATE(2025,2,1)," ",COUNTIFS('2025数据'!$C$3:$C$181,">="&DATE(2025,2,1),'2025数据'!$C$3:$C$181,"<="&DATE(2025,2,28),'2025数据'!$B$3:$B$181,$E10)) -> 0 | H10: =IF($S$1<DATE(2025,3,1)," ",COUNTIFS('2025数据'!$C$3:$C$181,">="&DATE(2025,3,1),'2025数据'!$C$3:$C$181,"<="&DATE(2025,3,31),'2025数据'!$B$3:$B$181,$E10)) -> 2 | I10: =IF($S$1<DATE(2025,4,1)," ",COUNTIFS('2025数据'!$C$3:$C$181,">="&DATE(2025,4,1),'2025数据'!$C$3:$C$181,"<="&DATE(2025,4,30),'2025数据'!$B$3:$B$181,$E10)) -> 1 | J10: =IF($S$1<DATE(2025,5,1)," ",COUNTIFS('2025数据'!$C$3:$C$181,">="&DATE(2025,5,1),'2025数据'!$C$3:$C$181,"<="&DATE(2025,5,31),'2025数据'!$B$3:$B$181,$E10)) -> 0 | K10: =IF($S$1<DATE(2025,6,1)," ",COUNTIFS('2025数据'!$C$3:$C$181,">="&DATE(2025,6,1),'2025数据'!$C$3:$C$181,"<="&DATE(2025,6,30),'2025数据'!$B$3:$B$181,$E10)) -> 2 | L10: =IF($S$1<DATE(2025,7,1)," ",COUNTIFS('2025数据'!$C$3:$C$181,">="&DATE(2025,7,1),'2025数据'!$C$3:$C$181,"<="&DATE(2025,7,31),'2025数据'!$B$3:$B$181,$E10)) -> 2 | M10: =IF($S$1<DATE(2025,8,1)," ",COUNTIFS('2025数据'!$C$3:$C$181,">="&DATE(2025,8,1),'2025数据'!$C$3:$C$181,"<="&DATE(2025,8,31),'2025数据'!$B$3:$B$181,$E10)) -> 2 | N10: =IF($S$1<DATE(2025,9,1)," ",COUNTIFS('2025数据'!$C$3:$C$181,">="&DATE(2025,9,1),'2025数据'!$C$3:$C$181,"<="&DATE(2025,9,30),'2025数据'!$B$3:$B$181,$E10)) -> 4 | O10: =IF($S$1<DATE(2025,10,1)," ",COUNTIFS('2025数据'!$C$3:$C$181,">="&DATE(2025,10,1),'2025数据'!$C$3:$C$181,"<="&DATE(2025,10,31),'2025数据'!$B$3:$B$181,$E10)) -> 0 | P10: =IF($S$1<DATE(2025,11,1)," ",COUNTIFS('2025数据'!$C$3:$C$181,">="&DATE(2025,11,1),'2025数据'!$C$3:$C$181,"<="&DATE(2025,11,30),'2025数据'!$B$3:$B$181,$E10)) -> 4 | Q10: =IF($S$1<DATE(2025,12,1)," ",COUNTIFS('2025数据'!$C$3:$C$181,">="&DATE(2025,12,1),'2025数据'!$C$3:$C$181,"<="&DATE(2025,12,31),'2025数据'!$B$3:$B$181,$E10)) -> 1
A11: 可研 | B11: 计划评审 | C11: 每月数量 | D11: 设计 | E11: 工程院 | F11: =IF($S$1<DATE(2025,1,1)," ",COUNTIFS('2025数据'!$C$3:$C$181,">="&DATE(2024,1,1),'2025数据'!$C$3:$C$181,"<="&DATE(2025,1,31),'2025数据'!$B$3:$B$181,$E11)) -> 1 | G11: =IF($S$1<DATE(2025,2,1)," ",COUNTIFS('2025数据'!$C$3:$C$181,">="&DATE(2025,2,1),'2025数据'!$C$3:$C$181,"<="&DATE(2025,2,28),'2025数据'!$B$3:$B$181,$E11)) -> 1 | H11: =IF($S$1<DATE(2025,3,1)," ",COUNTIFS('2025数据'!$C$3:$C$181,">="&DATE(2025,3,1),'2025数据'!$C$3:$C$181,"<="&DATE(2025,3,31),'2025数据'!$B$3:$B$181,$E11)) -> 1 | I11: =IF($S$1<DATE(2025,4,1)," ",COUNTIFS('2025数据'!$C$3:$C$181,">="&DATE(2025,4,1),'2025数据'!$C$3:$C$181,"<="&DATE(2025,4,30),'2025数据'!$B$3:$B$181,$E11)) -> 2 | J11: =IF($S$1<DATE(2025,5,1)," ",COUNTIFS('2025数据'!$C$3:$C$181,">="&DATE(2025,5,1),'2025数据'!$C$3:$C$181,"<="&DATE(2025,5,31),'2025数据'!$B$3:$B$181,$E11)) -> 1 | K11: =IF($S$1<DATE(2025,6,1)," ",COUNTIFS('2025数据'!$C$3:$C$181,">="&DATE(2025,6,1),'2025数据'!$C$3:$C$181,"<="&DATE(2025,6,30),'2025数据'!$B$3:$B$181,$E11)) -> 3 | L11: =IF($S$1<DATE(2025,7,1)," ",COUNTIFS('2025数据'!$C$3:$C$181,">="&DATE(2025,7,1),'2025数据'!$C$3:$C$181,"<="&DATE(2025,7,31),'2025数据'!$B$3:$B$181,$E11)) -> 3 | M11: =IF($S$1<DATE(2025,8,1)," ",COUNTIFS('2025数据'!$C$3:$C$181,">="&DATE(2025,8,1),'2025数据'!$C$3:$C$181,"<="&DATE(2025,8,31),'2025数据'!$B$3:$B$181,$E11)) -> 2 | N11: =IF($S$1<DATE(2025,9,1)," ",COUNTIFS('2025数据'!$C$3:$C$181,">="&DATE(2025,9,1),'2025数据'!$C$3:$C$181,"<="&DATE(2025,9,30),'2025数据'!$B$3:$B$181,$E11)) -> 1 | O11: =IF($S$1<DATE(2025,10,1)," ",COUNTIFS('2025数据'!$C$3:$C$181,">="&DATE(2025,10,1),'2025数据'!$C$3:$C$181,"<="&DATE(2025,10,31),'2025数据'!$B$3:$B$181,$E11)) -> 2 | P11: =IF($S$1<DATE(2025,11,1)," ",COUNTIFS('2025数据'!$C$3:$C$181,">="&DATE(2025,11,1),'2025数据'!$C$3:$C$181,"<="&DATE(2025,11,30),'2025数据'!$B$3:$B$181,$E11)) -> 2 | Q11: =IF($S$1<DATE(2025,12,1)," ",COUNTIFS('2025数据'!$C$3:$C$181,">="&DATE(2025,12,1),'2025数据'!$C$3:$C$181,"<="&DATE(2025,12,31),'2025数据'!$B$3:$B$181,$E11)) -> 2
A12: 可研 | B12: 计划评审 | C12: 每月数量 | D12: 设计 | E12: 汇隽院 | F12: =IF($S$1<DATE(2025,1,1)," ",COUNTIFS('2025数据'!$C$3:$C$181,">="&DATE(2024,1,1),'2025数据'!$C$3:$C$181,"<="&DATE(2025,1,31),'2025数据'!$B$3:$B$181,$E12)) -> 0 | G12: =IF($S$1<DATE(2025,2,1)," ",COUNTIFS('2025数据'!$C$3:$C$181,">="&DATE(2025,2,1),'2025数据'!$C$3:$C$181,"<="&DATE(2025,2,28),'2025数据'!$B$3:$B$181,$E12)) -> 0 | H12: =IF($S$1<DATE(2025,3,1)," ",COUNTIFS('2025数据'!$C$3:$C$181,">="&DATE(2025,3,1),'2025数据'!$C$3:$C$181,"<="&DATE(2025,3,31),'2025数据'!$B$3:$B$181,$E12)) -> 1 | I12: =IF($S$1<DATE(2025,4,1)," ",COUNTIFS('2025数据'!$C$3:$C$181,">="&DATE(2025,4,1),'2025数据'!$C$3:$C$181,"<="&DATE(2025,4,30),'2025数据'!$B$3:$B$181,$E12)) -> 2 | J12: =IF($S$1<DATE(2025,5,1)," ",COUNTIFS('2025数据'!$C$3:$C$181,">="&DATE(2025,5,1),'2025数据'!$C$3:$C$181,"<="&DATE(2025,5,31),'2025数据'!$B$3:$B$181,$E12)) -> 0 | K12: =IF($S$1<DATE(2025,6,1)," ",COUNTIFS('2025数据'!$C$3:$C$181,">="&DATE(2025,6,1),'2025数据'!$C$3:$C$181,"<="&DATE(2025,6,30),'2025数据'!$B$3:$B$181,$E12)) -> 0 | L12: =IF($S$1<DATE(2025,7,1)," ",COUNTIFS('2025数据'!$C$3:$C$181,">="&DATE(2025,7,1),'2025数据'!$C$3:$C$181,"<="&DATE(2025,7,31),'2025数据'!$B$3:$B$181,$E12)) -> 1 | M12: =IF($S$1<DATE(2025,8,1)," ",COUNTIFS('2025数据'!$C$3:$C$181,">="&DATE(2025,8,1),'2025数据'!$C$3:$C$181,"<="&DATE(2025,8,31),'2025数据'!$B$3:$B$181,$E12)) -> 1 | N12: =IF($S$1<DATE(2025,9,1)," ",COUNTIFS('2025数据'!$C$3:$C$181,">="&DATE(2025,9,1),'2025数据'!$C$3:$C$181,"<="&DATE(2025,9,30),'2025数据'!$B$3:$B$181,$E12)) -> 0 | O12: =IF($S$1<DATE(2025,10,1)," ",COUNTIFS('2025数据'!$C$3:$C$181,">="&DATE(2025,10,1),'2025数据'!$C$3:$C$181,"<="&DATE(2025,10,31),'2025数据'!$B$3:$B$181,$E12)) -> 5 | P12: =IF($S$1<DATE(2025,11,1)," ",COUNTIFS('2025数据'!$C$3:$C$181,">="&DATE(2025,11,1),'2025数据'!$C$3:$C$181,"<="&DATE(2025,11,30),'2025数据'!$B$3:$B$181,$E12)) -> 2 | Q12: =IF($S$1<DATE(2025,12,1)," ",COUNTIFS('2025数据'!$C$3:$C$181,">="&DATE(2025,12,1),'2025数据'!$C$3:$C$181,"<="&DATE(2025,12,31),'2025数据'!$B$3:$B$181,$E12)) -> 0
A13: 可研 | B13: 计划评审 | C13: 每月数量 | D13: 设计 | E13: 省院 | F13: =IF($S$1<DATE(2025,1,1)," ",COUNTIFS('2025数据'!$C$3:$C$181,">="&DATE(2024,1,1),'2025数据'!$C$3:$C$181,"<="&DATE(2025,1,31),'2025数据'!$B$3:$B$181,$E13)) -> 1 | G13: =IF($S$1<DATE(2025,2,1)," ",COUNTIFS('2025数据'!$C$3:$C$181,">="&DATE(2025,2,1),'2025数据'!$C$3:$C$181,"<="&DATE(2025,2,28),'2025数据'!$B$3:$B$181,$E13)) -> 0 | H13: =IF($S$1<DATE(2025,3,1)," ",COUNTIFS('2025数据'!$C$3:$C$181,">="&DATE(2025,3,1),'2025数据'!$C$3:$C$181,"<="&DATE(2025,3,31),'2025数据'!$B$3:$B$181,$E13)) -> 0 | I13: =IF($S$1<DATE(2025,4,1)," ",COUNTIFS('2025数据'!$C$3:$C$181,">="&DATE(2025,4,1),'2025数据'!$C$3:$C$181,"<="&DATE(2025,4,30),'2025数据'!$B$3:$B$181,$E13)) -> 0 | J13: =IF($S$1<DATE(2025,5,1)," ",COUNTIFS('2025数据'!$C$3:$C$181,">="&DATE(2025,5,1),'2025数据'!$C$3:$C$181,"<="&DATE(2025,5,31),'2025数据'!$B$3:$B$181,$E13)) -> 0 | K13: =IF($S$1<DATE(2025,6,1)," ",COUNTIFS('2025数据'!$C$3:$C$181,">="&DATE(2025,6,1),'2025数据'!$C$3:$C$181,"<="&DATE(2025,6,30),'2025数据'!$B$3:$B$181,$E13)) -> 0 | L13: =IF($S$1<DATE(2025,7,1)," ",COUNTIFS('2025数据'!$C$3:$C$181,">="&DATE(2025,7,1),'2025数据'!$C$3:$C$181,"<="&DATE(2025,7,31),'2025数据'!$B$3:$B$181,$E13)) -> 0 | M13: =IF($S$1<DATE(2025,8,1)," ",COUNTIFS('2025数据'!$C$3:$C$181,">="&DATE(2025,8,1),'2025数据'!$C$3:$C$181,"<="&DATE(2025,8,31),'2025数据'!$B$3:$B$181,$E13)) -> 0 | N13: =IF($S$1<DATE(2025,9,1)," ",COUNTIFS('2025数据'!$C$3:$C$181,">="&DATE(2025,9,1),'2025数据'!$C$3:$C$181,"<="&DATE(2025,9,30),'2025数据'!$B$3:$B$181,$E13)) -> 0 | O13: =IF($S$1<DATE(2025,10,1)," ",COUNTIFS('2025数据'!$C$3:$C$181,">="&DATE(2025,10,1),'2025数据'!$C$3:$C$181,"<="&DATE(2025,10,31),'2025数据'!$B$3:$B$181,$E13)) -> 0 | P13: =IF($S$1<DATE(2025,11,1)," ",COUNTIFS('2025数据'!$C$3:$C$181,">="&DATE(2025,11,1),'2025数据'!$C$3:$C$181,"<="&DATE(2025,11,30),'2025数据'!$B$3:$B$181,$E13)) -> 0 | Q13: =IF($S$1<DATE(2025,12,1)," ",COUNTIFS('2025数据'!$C$3:$C$181,">="&DATE(2025,12,1),'2025数据'!$C$3:$C$181,"<="&DATE(2025,12,31),'2025数据'!$B$3:$B$181,$E13)) -> 0
A14: 可研 | B14: 计划评审 | C14: 每月数量 | D14: 设计 | E14: 其他 | F14: =IF($S$1<DATE(2025,1,1)," ",COUNTIFS('2025数据'!$C$3:$C$181,">="&DATE(2024,1,1),'2025数据'!$C$3:$C$181,"<="&DATE(2025,1,31),'2025数据'!$B$3:$B$181,$E14)) -> 0 | G14: =IF($S$1<DATE(2025,2,1)," ",COUNTIFS('2025数据'!$C$3:$C$181,">="&DATE(2025,2,1),'2025数据'!$C$3:$C$181,"<="&DATE(2025,2,28),'2025数据'!$B$3:$B$181,$E14)) -> 0 | H14: =IF($S$1<DATE(2025,3,1)," ",COUNTIFS('2025数据'!$C$3:$C$181,">="&DATE(2025,3,1),'2025数据'!$C$3:$C$181,"<="&DATE(2025,3,31),'2025数据'!$B$3:$B$181,$E14)) -> 0 | I14: =IF($S$1<DATE(2025,4,1)," ",COUNTIFS('2025数据'!$C$3:$C$181,">="&DATE(2025,4,1),'2025数据'!$C$3:$C$181,"<="&DATE(2025,4,30),'2025数据'!$B$3:$B$181,$E14)) -> 0 | J14: =IF($S$1<DATE(2025,5,1)," ",COUNTIFS('2025数据'!$C$3:$C$181,">="&DATE(2025,5,1),'2025数据'!$C$3:$C$181,"<="&DATE(2025,5,31),'2025数据'!$B$3:$B$181,$E14)) -> 0 | K14: =IF($S$1<DATE(2025,6,1)," ",COUNTIFS('2025数据'!$C$3:$C$181,">="&DATE(2025,6,1),'2025数据'!$C$3:$C$181,"<="&DATE(2025,6,30),'2025数据'!$B$3:$B$181,$E14)) -> 0 | L14: =IF($S$1<DATE(2025,7,1)," ",COUNTIFS('2025数据'!$C$3:$C$181,">="&DATE(2025,7,1),'2025数据'!$C$3:$C$181,"<="&DATE(2025,7,31),'2025数据'!$B$3:$B$181,$E14)) -> 0 | M14: =IF($S$1<DATE(2025,8,1)," ",COUNTIFS('2025数据'!$C$3:$C$181,">="&DATE(2025,8,1),'2025数据'!$C$3:$C$181,"<="&DATE(2025,8,31),'2025数据'!$B$3:$B$181,$E14)) -> 0 | N14: =IF($S$1<DATE(2025,9,1)," ",COUNTIFS('2025数据'!$C$3:$C$181,">="&DATE(2025,9,1),'2025数据'!$C$3:$C$181,"<="&DATE(2025,9,30),'2025数据'!$B$3:$B$181,$E14)) -> 0 | O14: =IF($S$1<DATE(2025,10,1)," ",COUNTIFS('2025数据'!$C$3:$C$181,">="&DATE(2025,10,1),'2025数据'!$C$3:$C$181,"<="&DATE(2025,10,31),'2025数据'!$B$3:$B$181,$E14)) -> 0 | P14: =IF($S$1<DATE(2025,11,1)," ",COUNTIFS('2025数据'!$C$3:$C$181,">="&DATE(2025,11,1),'2025数据'!$C$3:$C$181,"<="&DATE(2025,11,30),'2025数据'!$B$3:$B$181,$E14)) -> 0 | Q14: =IF($S$1<DATE(2025,12,1)," ",COUNTIFS('2025数据'!$C$3:$C$181,">="&DATE(2025,12,1),'2025数据'!$C$3:$C$181,"<="&DATE(2025,12,31),'2025数据'!$B$3:$B$181,$E14)) -> 0
A15: 可研 | B15: 计划评审 | C15: 每月数量 | D15: 广州局 | E15: 变电每月计划 | F15: =IF($S$1<DATE(2025,1,1)," ",SUM(F16:F18)) -> 6 | G15: =IF($S$1<DATE(2025,2,1)," ",SUM(G16:G18)) -> 1 | H15: =IF($S$1<DATE(2025,3,1)," ",SUM(H16:H18)) -> 4 | I15: =IF($S$1<DATE(2025,4,1)," ",SUM(I16:I18)) -> 4 | J15: =IF($S$1<DATE(2025,5,1)," ",SUM(J16:J18)) -> 1 | K15: =IF($S$1<DATE(2025,6,1)," ",SUM(K16:K18)) -> 4 | L15: =IF($S$1<DATE(2025,7,1)," ",SUM(L16:L18)) -> 5 | M15: =IF($S$1<DATE(2025,8,1)," ",SUM(M16:M18)) -> 5 | N15: =IF($S$1<DATE(2025,9,1)," ",SUM(N16:N18)) -> 5 | O15: =IF($S$1<DATE(2025,10,1)," ",SUM(O16:O18)) -> 7 | P15: =IF($S$1<DATE(2025,11,1)," ",SUM(P16:P18)) -> 7 | Q15: =IF($S$1<DATE(2025,12,1)," ",SUM(Q16:Q18)) -> 3
A16: 可研 | B16: 计划评审 | C16: 每月数量 | D16: 变电负责人 | E16: 方明 | F16: =IF($S$1<DATE(2025,1,1)," ",COUNTIFS('2025数据'!$C$3:$C$181,">="&DATE(2024,1,1),'2025数据'!$C$3:$C$181,"<="&DATE(2025,1,31),'2025数据'!$AF$3:$AF$181,$E16)) -> 1 | G16: =IF($S$1<DATE(2025,2,1)," ",COUNTIFS('2025数据'!$C$3:$C$181,">="&DATE(2025,2,1),'2025数据'!$C$3:$C$181,"<="&DATE(2025,2,28),'2025数据'!$AF$3:$AF$181,$E16)) -> 1 | H16: =IF($S$1<DATE(2025,3,1)," ",COUNTIFS('2025数据'!$C$3:$C$181,">="&DATE(2025,3,1),'2025数据'!$C$3:$C$181,"<="&DATE(2025,3,31),'2025数据'!$AF$3:$AF$181,$E16)) -> 1 | I16: =IF($S$1<DATE(2025,4,1)," ",COUNTIFS('2025数据'!$C$3:$C$181,">="&DATE(2025,4,1),'2025数据'!$C$3:$C$181,"<="&DATE(2025,4,30),'2025数据'!$AF$3:$AF$181,$E16)) -> 3 | J16: =IF($S$1<DATE(2025,5,1)," ",COUNTIFS('2025数据'!$C$3:$C$181,">="&DATE(2025,5,1),'2025数据'!$C$3:$C$181,"<="&DATE(2025,5,31),'2025数据'!$AF$3:$AF$181,$E16)) -> 0 | K16: =IF($S$1<DATE(2025,6,1)," ",COUNTIFS('2025数据'!$C$3:$C$181,">="&DATE(2025,6,1),'2025数据'!$C$3:$C$181,"<="&DATE(2025,6,30),'2025数据'!$AF$3:$AF$181,$E16)) -> 2 | L16: =IF($S$1<DATE(2025,7,1)," ",COUNTIFS('2025数据'!$C$3:$C$181,">="&DATE(2025,7,1),'2025数据'!$C$3:$C$181,"<="&DATE(2025,7,31),'2025数据'!$AF$3:$AF$181,$E16)) -> 2 | M16: =IF($S$1<DATE(2025,8,1)," ",COUNTIFS('2025数据'!$C$3:$C$181,">="&DATE(2025,8,1),'2025数据'!$C$3:$C$181,"<="&DATE(2025,8,31),'2025数据'!$AF$3:$AF$181,$E16)) -> 2 | N16: =IF($S$1<DATE(2025,9,1)," ",COUNTIFS('2025数据'!$C$3:$C$181,">="&DATE(2025,9,1),'2025数据'!$C$3:$C$181,"<="&DATE(2025,9,30),'2025数据'!$AF$3:$AF$181,$E16)) -> 3 | O16: =IF($S$1<DATE(2025,10,1)," ",COUNTIFS('2025数据'!$C$3:$C$181,">="&DATE(2025,10,1),'2025数据'!$C$3:$C$181,"<="&DATE(2025,10,31),'2025数据'!$AF$3:$AF$181,$E16)) -> 0 | P16: =IF($S$1<DATE(2025,11,1)," ",COUNTIFS('2025数据'!$C$3:$C$181,">="&DATE(2025,11,1),'2025数据'!$C$3:$C$181,"<="&DATE(2025,11,30),'2025数据'!$AF$3:$AF$181,$E16)) -> 1 | Q16: =IF($S$1<DATE(2025,12,1)," ",COUNTIFS('2025数据'!$C$3:$C$181,">="&DATE(2025,12,1),'2025数据'!$C$3:$C$181,"<="&DATE(2025,12,31),'2025数据'!$AF$3:$AF$181,$E16)) -> 2
A17: 可研 | B17: 计划评审 | C17: 每月数量 | D17: 变电负责人 | E17: 谢瑞莲 | F17: =IF($S$1<DATE(2025,1,1)," ",COUNTIFS('2025数据'!$C$3:$C$181,">="&DATE(2024,1,1),'2025数据'!$C$3:$C$181,"<="&DATE(2025,1,31),'2025数据'!$AF$3:$AF$181,$E17)) -> 3 | G17: =IF($S$1<DATE(2025,2,1)," ",COUNTIFS('2025数据'!$C$3:$C$181,">="&DATE(2025,2,1),'2025数据'!$C$3:$C$181,"<="&DATE(2025,2,28),'2025数据'!$AF$3:$AF$181,$E17)) -> 0 | H17: =IF($S$1<DATE(2025,3,1)," ",COUNTIFS('2025数据'!$C$3:$C$181,">="&DATE(2025,3,1),'2025数据'!$C$3:$C$181,"<="&DATE(2025,3,31),'2025数据'!$AF$3:$AF$181,$E17)) -> 3 | I17: =IF($S$1<DATE(2025,4,1)," ",COUNTIFS('2025数据'!$C$3:$C$181,">="&DATE(2025,4,1),'2025数据'!$C$3:$C$181,"<="&DATE(2025,4,30),'2025数据'!$AF$3:$AF$181,$E17)) -> 1 | J17: =IF($S$1<DATE(2025,5,1)," ",COUNTIFS('2025数据'!$C$3:$C$181,">="&DATE(2025,5,1),'2025数据'!$C$3:$C$181,"<="&DATE(2025,5,31),'2025数据'!$AF$3:$AF$181,$E17)) -> 0 | K17: =IF($S$1<DATE(2025,6,1)," ",COUNTIFS('2025数据'!$C$3:$C$181,">="&DATE(2025,6,1),'2025数据'!$C$3:$C$181,"<="&DATE(2025,6,30),'2025数据'!$AF$3:$AF$181,$E17)) -> 1 | L17: =IF($S$1<DATE(2025,7,1)," ",COUNTIFS('2025数据'!$C$3:$C$181,">="&DATE(2025,7,1),'2025数据'!$C$3:$C$181,"<="&DATE(2025,7,31),'2025数据'!$AF$3:$AF$181,$E17)) -> 0 | M17: =IF($S$1<DATE(2025,8,1)," ",COUNTIFS('2025数据'!$C$3:$C$181,">="&DATE(2025,8,1),'2025数据'!$C$3:$C$181,"<="&DATE(2025,8,31),'2025数据'!$AF$3:$AF$181,$E17)) -> 2 | N17: =IF($S$1<DATE(2025,9,1)," ",COUNTIFS('2025数据'!$C$3:$C$181,">="&DATE(2025,9,1),'2025数据'!$C$3:$C$181,"<="&DATE(2025,9,30),'2025数据'!$AF$3:$AF$181,$E17)) -> 0 | O17: =IF($S$1<DATE(2025,10,1)," ",COUNTIFS('2025数据'!$C$3:$C$181,">="&DATE(2025,10,1),'2025数据'!$C$3:$C$181,"<="&DATE(2025,10,31),'2025数据'!$AF$3:$AF$181,$E17)) -> 5 | P17: =IF($S$1<DATE(2025,11,1)," ",COUNTIFS('2025数据'!$C$3:$C$181,">="&DATE(2025,11,1),'2025数据'!$C$3:$C$181,"<="&DATE(2025,11,30),'2025数据'!$AF$3:$AF$181,$E17)) -> 2 | Q17: =IF($S$1<DATE(2025,12,1)," ",COUNTIFS('2025数据'!$C$3:$C$181,">="&DATE(2025,12,1),'2025数据'!$C$3:$C$181,"<="&DATE(2025,12,31),'2025数据'!$AF$3:$AF$181,$E17)) -> 1
A18: 可研 | B18: 计划评审 | C18: 每月数量 | D18: 变电负责人 | E18: 樊心田 | F18: =IF($S$1<DATE(2025,1,1)," ",COUNTIFS('2025数据'!$C$3:$C$181,">="&DATE(2024,1,1),'2025数据'!$C$3:$C$181,"<="&DATE(2025,1,31),'2025数据'!$AF$3:$AF$181,$E18)) -> 2 | G18: =IF($S$1<DATE(2025,2,1)," ",COUNTIFS('2025数据'!$C$3:$C$181,">="&DATE(2025,2,1),'2025数据'!$C$3:$C$181,"<="&DATE(2025,2,28),'2025数据'!$AF$3:$AF$181,$E18)) -> 0 | H18: =IF($S$1<DATE(2025,3,1)," ",COUNTIFS('2025数据'!$C$3:$C$181,">="&DATE(2025,3,1),'2025数据'!$C$3:$C$181,"<="&DATE(2025,3,31),'2025数据'!$AF$3:$AF$181,$E18)) -> 0 | I18: =IF($S$1<DATE(2025,4,1)," ",COUNTIFS('2025数据'!$C$3:$C$181,">="&DATE(2025,4,1),'2025数据'!$C$3:$C$181,"<="&DATE(2025,4,30),'2025数据'!$AF$3:$AF$181,$E18)) -> 0 | J18: =IF($S$1<DATE(2025,5,1)," ",COUNTIFS('2025数据'!$C$3:$C$181,">="&DATE(2025,5,1),'2025数据'!$C$3:$C$181,"<="&DATE(2025,5,31),'2025数据'!$AF$3:$AF$181,$E18)) -> 1 | K18: =IF($S$1<DATE(2025,6,1)," ",COUNTIFS('2025数据'!$C$3:$C$181,">="&DATE(2025,6,1),'2025数据'!$C$3:$C$181,"<="&DATE(2025,6,30),'2025数据'!$AF$3:$AF$181,$E18)) -> 1 | L18: =IF($S$1<DATE(2025,7,1)," ",COUNTIFS('2025数据'!$C$3:$C$181,">="&DATE(2025,7,1),'2025数据'!$C$3:$C$181,"<="&DATE(2025,7,31),'2025数据'!$AF$3:$AF$181,$E18)) -> 3 | M18: =IF($S$1<DATE(2025,8,1)," ",COUNTIFS('2025数据'!$C$3:$C$181,">="&DATE(2025,8,1),'2025数据'!$C$3:$C$181,"<="&DATE(2025,8,31),'2025数据'!$AF$3:$AF$181,$E18)) -> 1 | N18: =IF($S$1<DATE(2025,9,1)," ",COUNTIFS('2025数据'!$C$3:$C$181,">="&DATE(2025,9,1),'2025数据'!$C$3:$C$181,"<="&DATE(2025,9,30),'2025数据'!$AF$3:$AF$181,$E18)) -> 2 | O18: =IF($S$1<DATE(2025,10,1)," ",COUNTIFS('2025数据'!$C$3:$C$181,">="&DATE(2025,10,1),'2025数据'!$C$3:$C$181,"<="&DATE(2025,10,31),'2025数据'!$AF$3:$AF$181,$E18)) -> 2 | P18: =IF($S$1<DATE(2025,11,1)," ",COUNTIFS('2025数据'!$C$3:$C$181,">="&DATE(2025,11,1),'2025数据'!$C$3:$C$181,"<="&DATE(2025,11,30),'2025数据'!$AF$3:$AF$181,$E18)) -> 4 | Q18: =IF($S$1<DATE(2025,12,1)," ",COUNTIFS('2025数据'!$C$3:$C$181,">="&DATE(2025,12,1),'2025数据'!$C$3:$C$181,"<="&DATE(2025,12,31),'2025数据'!$AF$3:$AF$181,$E18)) -> 0
A19: 可研 | B19: 计划评审 | C19: 每月数量 | D19: 广州局 | E19: 线路每月计划 | F19: =IF($S$1<DATE(2025,1,1)," ",SUM(F20:F23)) -> 4 | G19: =IF($S$1<DATE(2025,2,1)," ",SUM(G20:G23)) -> 1 | H19: =IF($S$1<DATE(2025,3,1)," ",SUM(H20:H23)) -> 4 | I19: =IF($S$1<DATE(2025,4,1)," ",SUM(I20:I23)) -> 4 | J19: =IF($S$1<DATE(2025,5,1)," ",SUM(J20:J23)) -> 0 | K19: =IF($S$1<DATE(2025,6,1)," ",SUM(K20:K23)) -> 4 | L19: =IF($S$1<DATE(2025,7,1)," ",SUM(L20:L23)) -> 6 | M19: =IF($S$1<DATE(2025,8,1)," ",SUM(M20:M23)) -> 4 | N19: =IF($S$1<DATE(2025,9,1)," ",SUM(N20:N23)) -> 5 | O19: =IF($S$1<DATE(2025,10,1)," ",SUM(O20:O23)) -> 7 | P19: =IF($S$1<DATE(2025,11,1)," ",SUM(P20:P23)) -> 8 | Q19: =IF($S$1<DATE(2025,12,1)," ",SUM(Q20:Q23)) -> 2
A20: 可研 | B20: 计划评审 | C20: 每月数量 | D20: 线路负责人 | E20: 陈伟哲 | F20: =IF($S$1<DATE(2025,1,1)," ",COUNTIFS('2025数据'!$C$3:$C$181,">="&DATE(2024,1,1),'2025数据'!$C$3:$C$181,"<="&DATE(2025,1,31),'2025数据'!$AG$3:$AG$181,$E20)) -> 2 | G20: =IF($S$1<DATE(2025,2,1)," ",COUNTIFS('2025数据'!$C$3:$C$181,">="&DATE(2025,2,1),'2025数据'!$C$3:$C$181,"<="&DATE(2025,2,28),'2025数据'!$AG$3:$AG$181,$E20)) -> 0 | H20: =IF($S$1<DATE(2025,3,1)," ",COUNTIFS('2025数据'!$C$3:$C$181,">="&DATE(2025,3,1),'2025数据'!$C$3:$C$181,"<="&DATE(2025,3,31),'2025数据'!$AG$3:$AG$181,$E20)) -> 1 | I20: =IF($S$1<DATE(2025,4,1)," ",COUNTIFS('2025数据'!$C$3:$C$181,">="&DATE(2025,4,1),'2025数据'!$C$3:$C$181,"<="&DATE(2025,4,30),'2025数据'!$AG$3:$AG$181,$E20)) -> 1 | J20: =IF($S$1<DATE(2025,5,1)," ",COUNTIFS('2025数据'!$C$3:$C$181,">="&DATE(2025,5,1),'2025数据'!$C$3:$C$181,"<="&DATE(2025,5,31),'2025数据'!$AG$3:$AG$181,$E20)) -> 0 | K20: =IF($S$1<DATE(2025,6,1)," ",COUNTIFS('2025数据'!$C$3:$C$181,">="&DATE(2025,6,1),'2025数据'!$C$3:$C$181,"<="&DATE(2025,6,30),'2025数据'!$AG$3:$AG$181,$E20)) -> 0 | L20: =IF($S$1<DATE(2025,7,1)," ",COUNTIFS('2025数据'!$C$3:$C$181,">="&DATE(2025,7,1),'2025数据'!$C$3:$C$181,"<="&DATE(2025,7,31),'2025数据'!$AG$3:$AG$181,$E20)) -> 1 | M20: =IF($S$1<DATE(2025,8,1)," ",COUNTIFS('2025数据'!$C$3:$C$181,">="&DATE(2025,8,1),'2025数据'!$C$3:$C$181,"<="&DATE(2025,8,31),'2025数据'!$AG$3:$AG$181,$E20)) -> 0 | N20: =IF($S$1<DATE(2025,9,1)," ",COUNTIFS('2025数据'!$C$3:$C$181,">="&DATE(2025,9,1),'2025数据'!$C$3:$C$181,"<="&DATE(2025,9,30),'2025数据'!$AG$3:$AG$181,$E20)) -> 0 | O20: =IF($S$1<DATE(2025,10,1)," ",COUNTIFS('2025数据'!$C$3:$C$181,">="&DATE(2025,10,1),'2025数据'!$C$3:$C$181,"<="&DATE(2025,10,31),'2025数据'!$AG$3:$AG$181,$E20)) -> 3 | P20: =IF($S$1<DATE(2025,11,1)," ",COUNTIFS('2025数据'!$C$3:$C$181,">="&DATE(2025,11,1),'2025数据'!$C$3:$C$181,"<="&DATE(2025,11,30),'2025数据'!$AG$3:$AG$181,$E20)) -> 2 | Q20: =IF($S$1<DATE(2025,12,1)," ",COUNTIFS('2025数据'!$C$3:$C$181,">="&DATE(2025,12,1),'2025数据'!$C$3:$C$181,"<="&DATE(2025,12,31),'2025数据'!$AG$3:$AG$181,$E20)) -> 0
A21: 可研 | B21: 计划评审 | C21: 每月数量 | D21: 线路负责人 | E21: 黄小珈 | F21: =IF($S$1<DATE(2025,1,1)," ",COUNTIFS('2025数据'!$C$3:$C$181,">="&DATE(2024,1,1),'2025数据'!$C$3:$C$181,"<="&DATE(2025,1,31),'2025数据'!$AG$3:$AG$181,$E21)) -> 1 | G21: =IF($S$1<DATE(2025,2,1)," ",COUNTIFS('2025数据'!$C$3:$C$181,">="&DATE(2025,2,1),'2025数据'!$C$3:$C$181,"<="&DATE(2025,2,28),'2025数据'!$AG$3:$AG$181,$E21)) -> 1 | H21: =IF($S$1<DATE(2025,3,1)," ",COUNTIFS('2025数据'!$C$3:$C$181,">="&DATE(2025,3,1),'2025数据'!$C$3:$C$181,"<="&DATE(2025,3,31),'2025数据'!$AG$3:$AG$181,$E21)) -> 3 | I21: =IF($S$1<DATE(2025,4,1)," ",COUNTIFS('2025数据'!$C$3:$C$181,">="&DATE(2025,4,1),'2025数据'!$C$3:$C$181,"<="&DATE(2025,4,30),'2025数据'!$AG$3:$AG$181,$E21)) -> 2 | J21: =IF($S$1<DATE(2025,5,1)," ",COUNTIFS('2025数据'!$C$3:$C$181,">="&DATE(2025,5,1),'2025数据'!$C$3:$C$181,"<="&DATE(2025,5,31),'2025数据'!$AG$3:$AG$181,$E21)) -> 0 | K21: =IF($S$1<DATE(2025,6,1)," ",COUNTIFS('2025数据'!$C$3:$C$181,">="&DATE(2025,6,1),'2025数据'!$C$3:$C$181,"<="&DATE(2025,6,30),'2025数据'!$AG$3:$AG$181,$E21)) -> 3 | L21: =IF($S$1<DATE(2025,7,1)," ",COUNTIFS('2025数据'!$C$3:$C$181,">="&DATE(2025,7,1),'2025数据'!$C$3:$C$181,"<="&DATE(2025,7,31),'2025数据'!$AG$3:$AG$181,$E21)) -> 5 | M21: =IF($S$1<DATE(2025,8,1)," ",COUNTIFS('2025数据'!$C$3:$C$181,">="&DATE(2025,8,1),'2025数据'!$C$3:$C$181,"<="&DATE(2025,8,31),'2025数据'!$AG$3:$AG$181,$E21)) -> 3 | N21: =IF($S$1<DATE(2025,9,1)," ",COUNTIFS('2025数据'!$C$3:$C$181,">="&DATE(2025,9,1),'2025数据'!$C$3:$C$181,"<="&DATE(2025,9,30),'2025数据'!$AG$3:$AG$181,$E21)) -> 3 | O21: =IF($S$1<DATE(2025,10,1)," ",COUNTIFS('2025数据'!$C$3:$C$181,">="&DATE(2025,10,1),'2025数据'!$C$3:$C$181,"<="&DATE(2025,10,31),'2025数据'!$AG$3:$AG$181,$E21)) -> 2 | P21: =IF($S$1<DATE(2025,11,1)," ",COUNTIFS('2025数据'!$C$3:$C$181,">="&DATE(2025,11,1),'2025数据'!$C$3:$C$181,"<="&DATE(2025,11,30),'2025数据'!$AG$3:$AG$181,$E21)) -> 4 | Q21: =IF($S$1<DATE(2025,12,1)," ",COUNTIFS('2025数据'!$C$3:$C$181,">="&DATE(2025,12,1),'2025数据'!$C$3:$C$181,"<="&DATE(2025,12,31),'2025数据'!$AG$3:$AG$181,$E21)) -> 1
A22: 可研 | B22: 计划评审 | C22: 每月数量 | D22: 线路负责人 | E22: 梁为 | F22: =IF($S$1<DATE(2025,1,1)," ",COUNTIFS('2025数据'!$C$3:$C$181,">="&DATE(2024,1,1),'2025数据'!$C$3:$C$181,"<="&DATE(2025,1,31),'2025数据'!$AG$3:$AG$181,$E22)) -> 0 | G22: =IF($S$1<DATE(2025,2,1)," ",COUNTIFS('2025数据'!$C$3:$C$181,">="&DATE(2025,2,1),'2025数据'!$C$3:$C$181,"<="&DATE(2025,2,28),'2025数据'!$AG$3:$AG$181,$E22)) -> 0 | H22: =IF($S$1<DATE(2025,3,1)," ",COUNTIFS('2025数据'!$C$3:$C$181,">="&DATE(2025,3,1),'2025数据'!$C$3:$C$181,"<="&DATE(2025,3,31),'2025数据'!$AG$3:$AG$181,$E22)) -> 0 | I22: =IF($S$1<DATE(2025,4,1)," ",COUNTIFS('2025数据'!$C$3:$C$181,">="&DATE(2025,4,1),'2025数据'!$C$3:$C$181,"<="&DATE(2025,4,30),'2025数据'!$AG$3:$AG$181,$E22)) -> 0 | J22: =IF($S$1<DATE(2025,5,1)," ",COUNTIFS('2025数据'!$C$3:$C$181,">="&DATE(2025,5,1),'2025数据'!$C$3:$C$181,"<="&DATE(2025,5,31),'2025数据'!$AG$3:$AG$181,$E22)) -> 0 | K22: =IF($S$1<DATE(2025,6,1)," ",COUNTIFS('2025数据'!$C$3:$C$181,">="&DATE(2025,6,1),'2025数据'!$C$3:$C$181,"<="&DATE(2025,6,30),'2025数据'!$AG$3:$AG$181,$E22)) -> 1 | L22: =IF($S$1<DATE(2025,7,1)," ",COUNTIFS('2025数据'!$C$3:$C$181,">="&DATE(2025,7,1),'2025数据'!$C$3:$C$181,"<="&DATE(2025,7,31),'2025数据'!$AG$3:$AG$181,$E22)) -> 0 | M22: =IF($S$1<DATE(2025,8,1)," ",COUNTIFS('2025数据'!$C$3:$C$181,">="&DATE(2025,8,1),'2025数据'!$C$3:$C$181,"<="&DATE(2025,8,31),'2025数据'!$AG$3:$AG$181,$E22)) -> 0 | N22: =IF($S$1<DATE(2025,9,1)," ",COUNTIFS('2025数据'!$C$3:$C$181,">="&DATE(2025,9,1),'2025数据'!$C$3:$C$181,"<="&DATE(2025,9,30),'2025数据'!$AG$3:$AG$181,$E22)) -> 0 | O22: =IF($S$1<DATE(2025,10,1)," ",COUNTIFS('2025数据'!$C$3:$C$181,">="&DATE(2025,10,1),'2025数据'!$C$3:$C$181,"<="&DATE(2025,10,31),'2025数据'!$AG$3:$AG$181,$E22)) -> 0 | P22: =IF($S$1<DATE(2025,11,1)," ",COUNTIFS('2025数据'!$C$3:$C$181,">="&DATE(2025,11,1),'2025数据'!$C$3:$C$181,"<="&DATE(2025,11,30),'2025数据'!$AG$3:$AG$181,$E22)) -> 0 | Q22: =IF($S$1<DATE(2025,12,1)," ",COUNTIFS('2025数据'!$C$3:$C$181,">="&DATE(2025,12,1),'2025数据'!$C$3:$C$181,"<="&DATE(2025,12,31),'2025数据'!$AG$3:$AG$181,$E22)) -> 0
A23: 可研 | B23: 计划评审 | C23: 每月数量 | D23: 线路负责人 | E23: 王志会 | F23: =IF($S$1<DATE(2025,1,1)," ",COUNTIFS('2025数据'!$C$3:$C$181,">="&DATE(2024,1,1),'2025数据'!$C$3:$C$181,"<="&DATE(2025,1,31),'2025数据'!$AG$3:$AG$181,$E23)) -> 1 | G23: =IF($S$1<DATE(2025,2,1)," ",COUNTIFS('2025数据'!$C$3:$C$181,">="&DATE(2025,2,1),'2025数据'!$C$3:$C$181,"<="&DATE(2025,2,28),'2025数据'!$AG$3:$AG$181,$E23)) -> 0 | H23: =IF($S$1<DATE(2025,3,1)," ",COUNTIFS('2025数据'!$C$3:$C$181,">="&DATE(2025,3,1),'2025数据'!$C$3:$C$181,"<="&DATE(2025,3,31),'2025数据'!$AG$3:$AG$181,$E23)) -> 0 | I23: =IF($S$1<DATE(2025,4,1)," ",COUNTIFS('2025数据'!$C$3:$C$181,">="&DATE(2025,4,1),'2025数据'!$C$3:$C$181,"<="&DATE(2025,4,30),'2025数据'!$AG$3:$AG$181,$E23)) -> 1 | J23: =IF($S$1<DATE(2025,5,1)," ",COUNTIFS('2025数据'!$C$3:$C$181,">="&DATE(2025,5,1),'2025数据'!$C$3:$C$181,"<="&DATE(2025,5,31),'2025数据'!$AG$3:$AG$181,$E23)) -> 0 | K23: =IF($S$1<DATE(2025,6,1)," ",COUNTIFS('2025数据'!$C$3:$C$181,">="&DATE(2025,6,1),'2025数据'!$C$3:$C$181,"<="&DATE(2025,6,30),'2025数据'!$AG$3:$AG$181,$E23)) -> 0 | L23: =IF($S$1<DATE(2025,7,1)," ",COUNTIFS('2025数据'!$C$3:$C$181,">="&DATE(2025,7,1),'2025数据'!$C$3:$C$181,"<="&DATE(2025,7,31),'2025数据'!$AG$3:$AG$181,$E23)) -> 0 | M23: =IF($S$1<DATE(2025,8,1)," ",COUNTIFS('2025数据'!$C$3:$C$181,">="&DATE(2025,8,1),'2025数据'!$C$3:$C$181,"<="&DATE(2025,8,31),'2025数据'!$AG$3:$AG$181,$E23)) -> 1 | N23: =IF($S$1<DATE(2025,9,1)," ",COUNTIFS('2025数据'!$C$3:$C$181,">="&DATE(2025,9,1),'2025数据'!$C$3:$C$181,"<="&DATE(2025,9,30),'2025数据'!$AG$3:$AG$181,$E23)) -> 2 | O23: =IF($S$1<DATE(2025,10,1)," ",COUNTIFS('2025数据'!$C$3:$C$181,">="&DATE(2025,10,1),'2025数据'!$C$3:$C$181,"<="&DATE(2025,10,31),'2025数据'!$AG$3:$AG$181,$E23)) -> 2 | P23: =IF($S$1<DATE(2025,11,1)," ",COUNTIFS('2025数据'!$C$3:$C$181,">="&DATE(2025,11,1),'2025数据'!$C$3:$C$181,"<="&DATE(2025,11,30),'2025数据'!$AG$3:$AG$181,$E23)) -> 2 | Q23: =IF($S$1<DATE(2025,12,1)," ",COUNTIFS('2025数据'!$C$3:$C$181,">="&DATE(2025,12,1),'2025数据'!$C$3:$C$181,"<="&DATE(2025,12,31),'2025数据'!$AG$3:$AG$181,$E23)) -> 1
A24: 可研 | B24: 完成评审 | C24: 每月数量 | D24: 广州局 | E24: 每月完成 | F24: =IF($S$1<DATE(2025,1,1)," ",IF((SUM(F25:F31)-MAX(F55,F59))<0,"ERR",SUM(F25:F31))) -> 4 | G24: =IF($S$1<DATE(2025,2,1)," ",IF((SUM(G25:G31)-MAX(G55,G59))<0,"ERR",SUM(G25:G31))) -> 2 | H24: =IF($S$1<DATE(2025,3,1)," ",IF((SUM(H25:H31)-MAX(H55,H59))<0,"ERR",SUM(H25:H31))) -> 1 | I24: =IF($S$1<DATE(2025,4,1)," ",IF((SUM(I25:I31)-MAX(I55,I59))<0,"ERR",SUM(I25:I31))) -> 5 | J24: =IF($S$1<DATE(2025,5,1)," ",IF((SUM(J25:J31)-MAX(J55,J59))<0,"ERR",SUM(J25:J31))) -> 5 | K24: =IF($S$1<DATE(2025,6,1)," ",IF((SUM(K25:K31)-MAX(K55,K59))<0,"ERR",SUM(K25:K31))) -> 2 | L24: =IF($S$1<DATE(2025,7,1)," ",IF((SUM(L25:L31)-MAX(L55,L59))<0,"ERR",SUM(L25:L31))) -> 6 | M24: =IF($S$1<DATE(2025,8,1)," ",IF((SUM(M25:M31)-MAX(M55,M59))<0,"ERR",SUM(M25:M31))) -> 4 | N24: =IF($S$1<DATE(2025,9,1)," ",IF((SUM(N25:N31)-MAX(N55,N59))<0,"ERR",SUM(N25:N31))) -> 4 | O24: =IF($S$1<DATE(2025,10,1)," ",IF((SUM(O25:O31)-MAX(O55,O59))<0,"ERR",SUM(O25:O31))) -> 1 | P24: =IF($S$1<DATE(2025,11,1)," ",IF((SUM(P25:P31)-MAX(P55,P59))<0,"ERR",SUM(P25:P31))) -> 6 | Q24: =IF($S$1<DATE(2025,12,1)," ",IF((SUM(Q25:Q31)-MAX(Q55,Q59))<0,"ERR",SUM(Q25:Q31))) -> 3
A25: 可研 | B25: 完成评审 | C25: 每月数量 | D25: 负责人 | E25: 方明 | F25: =IF($S$1<DATE(2025,1,1)," ",COUNTIFS('2025数据'!$D$3:$D$181,">="&DATE(2024,1,1),'2025数据'!$D$3:$D$181,"<="&DATE(2025,1,31),'2025数据'!$AE$3:$AE$181,$E25)) -> 0 | G25: =IF($S$1<DATE(2025,2,1)," ",COUNTIFS('2025数据'!$D$3:$D$181,">="&DATE(2025,2,1),'2025数据'!$D$3:$D$181,"<="&DATE(2025,2,28),'2025数据'!$AE$3:$AE$181,$E25)) -> 0 | H25: =IF($S$1<DATE(2025,3,1)," ",COUNTIFS('2025数据'!$D$3:$D$181,">="&DATE(2025,3,1),'2025数据'!$D$3:$D$181,"<="&DATE(2025,3,31),'2025数据'!$AE$3:$AE$181,$E25)) -> 1 | I25: =IF($S$1<DATE(2025,4,1)," ",COUNTIFS('2025数据'!$D$3:$D$181,">="&DATE(2025,4,1),'2025数据'!$D$3:$D$181,"<="&DATE(2025,4,30),'2025数据'!$AE$3:$AE$181,$E25)) -> 2 | J25: =IF($S$1<DATE(2025,5,1)," ",COUNTIFS('2025数据'!$D$3:$D$181,">="&DATE(2025,5,1),'2025数据'!$D$3:$D$181,"<="&DATE(2025,5,31),'2025数据'!$AE$3:$AE$181,$E25)) -> 2 | K25: =IF($S$1<DATE(2025,6,1)," ",COUNTIFS('2025数据'!$D$3:$D$181,">="&DATE(2025,6,1),'2025数据'!$D$3:$D$181,"<="&DATE(2025,6,30),'2025数据'!$AE$3:$AE$181,$E25)) -> 1 | L25: =IF($S$1<DATE(2025,7,1)," ",COUNTIFS('2025数据'!$D$3:$D$181,">="&DATE(2025,7,1),'2025数据'!$D$3:$D$181,"<="&DATE(2025,7,31),'2025数据'!$AE$3:$AE$181,$E25)) -> 1 | M25: =IF($S$1<DATE(2025,8,1)," ",COUNTIFS('2025数据'!$D$3:$D$181,">="&DATE(2025,8,1),'2025数据'!$D$3:$D$181,"<="&DATE(2025,8,31),'2025数据'!$AE$3:$AE$181,$E25)) -> 2 | N25: =IF($S$1<DATE(2025,9,1)," ",COUNTIFS('2025数据'!$D$3:$D$181,">="&DATE(2025,9,1),'2025数据'!$D$3:$D$181,"<="&DATE(2025,9,30),'2025数据'!$AE$3:$AE$181,$E25)) -> 2 | O25: =IF($S$1<DATE(2025,10,1)," ",COUNTIFS('2025数据'!$D$3:$D$181,">="&DATE(2025,10,1),'2025数据'!$D$3:$D$181,"<="&DATE(2025,10,31),'2025数据'!$AE$3:$AE$181,$E25)) -> 1 | P25: =IF($S$1<DATE(2025,11,1)," ",COUNTIFS('2025数据'!$D$3:$D$181,">="&DATE(2025,11,1),'2025数据'!$D$3:$D$181,"<="&DATE(2025,11,30),'2025数据'!$AE$3:$AE$181,$E25)) -> 1 | Q25: =IF($S$1<DATE(2025,12,1)," ",COUNTIFS('2025数据'!$D$3:$D$181,">="&DATE(2025,12,1),'2025数据'!$D$3:$D$181,"<="&DATE(2025,12,31),'2025数据'!$AE$3:$AE$181,$E25)) -> 1
A26: 可研 | B26: 完成评审 | C26: 每月数量 | D26: 负责人 | E26: 谢瑞莲 | F26: =IF($S$1<DATE(2025,1,1)," ",COUNTIFS('2025数据'!$D$3:$D$181,">="&DATE(2024,1,1),'2025数据'!$D$3:$D$181,"<="&DATE(2025,1,31),'2025数据'!$AE$3:$AE$181,$E26)) -> 1 | G26: =IF($S$1<DATE(2025,2,1)," ",COUNTIFS('2025数据'!$D$3:$D$181,">="&DATE(2025,2,1),'2025数据'!$D$3:$D$181,"<="&DATE(2025,2,28),'2025数据'!$AE$3:$AE$181,$E26)) -> 1 | H26: =IF($S$1<DATE(2025,3,1)," ",COUNTIFS('2025数据'!$D$3:$D$181,">="&DATE(2025,3,1),'2025数据'!$D$3:$D$181,"<="&DATE(2025,3,31),'2025数据'!$AE$3:$AE$181,$E26)) -> 0 | I26: =IF($S$1<DATE(2025,4,1)," ",COUNTIFS('2025数据'!$D$3:$D$181,">="&DATE(2025,4,1),'2025数据'!$D$3:$D$181,"<="&DATE(2025,4,30),'2025数据'!$AE$3:$AE$181,$E26)) -> 3 | J26: =IF($S$1<DATE(2025,5,1)," ",COUNTIFS('2025数据'!$D$3:$D$181,">="&DATE(2025,5,1),'2025数据'!$D$3:$D$181,"<="&DATE(2025,5,31),'2025数据'!$AE$3:$AE$181,$E26)) -> 1 | K26: =IF($S$1<DATE(2025,6,1)," ",COUNTIFS('2025数据'!$D$3:$D$181,">="&DATE(2025,6,1),'2025数据'!$D$3:$D$181,"<="&DATE(2025,6,30),'2025数据'!$AE$3:$AE$181,$E26)) -> 0 | L26: =IF($S$1<DATE(2025,7,1)," ",COUNTIFS('2025数据'!$D$3:$D$181,">="&DATE(2025,7,1),'2025数据'!$D$3:$D$181,"<="&DATE(2025,7,31),'2025数据'!$AE$3:$AE$181,$E26)) -> 1 | M26: =IF($S$1<DATE(2025,8,1)," ",COUNTIFS('2025数据'!$D$3:$D$181,">="&DATE(2025,8,1),'2025数据'!$D$3:$D$181,"<="&DATE(2025,8,31),'2025数据'!$AE$3:$AE$181,$E26)) -> 0 | N26: =IF($S$1<DATE(2025,9,1)," ",COUNTIFS('2025数据'!$D$3:$D$181,">="&DATE(2025,9,1),'2025数据'!$D$3:$D$181,"<="&DATE(2025,9,30),'2025数据'!$AE$3:$AE$181,$E26)) -> 1 | O26: =IF($S$1<DATE(2025,10,1)," ",COUNTIFS('2025数据'!$D$3:$D$181,">="&DATE(2025,10,1),'2025数据'!$D$3:$D$181,"<="&DATE(2025,10,31),'2025数据'!$AE$3:$AE$181,$E26)) -> 0 | P26: =IF($S$1<DATE(2025,11,1)," ",COUNTIFS('2025数据'!$D$3:$D$181,">="&DATE(2025,11,1),'2025数据'!$D$3:$D$181,"<="&DATE(2025,11,30),'2025数据'!$AE$3:$AE$181,$E26)) -> 3 | Q26: =IF($S$1<DATE(2025,12,1)," ",COUNTIFS('2025数据'!$D$3:$D$181,">="&DATE(2025,12,1),'2025数据'!$D$3:$D$181,"<="&DATE(2025,12,31),'2025数据'!$AE$3:$AE$181,$E26)) -> 0
A27: 可研 | B27: 完成评审 | C27: 每月数量 | D27: 负责人 | E27: 樊心田 | F27: =IF($S$1<DATE(2025,1,1)," ",COUNTIFS('2025数据'!$D$3:$D$181,">="&DATE(2024,1,1),'2025数据'!$D$3:$D$181,"<="&DATE(2025,1,31),'2025数据'!$AE$3:$AE$181,$E27)) -> 0 | G27: =IF($S$1<DATE(2025,2,1)," ",COUNTIFS('2025数据'!$D$3:$D$181,">="&DATE(2025,2,1),'2025数据'!$D$3:$D$181,"<="&DATE(2025,2,28),'2025数据'!$AE$3:$AE$181,$E27)) -> 0 | H27: =IF($S$1<DATE(2025,3,1)," ",COUNTIFS('2025数据'!$D$3:$D$181,">="&DATE(2025,3,1),'2025数据'!$D$3:$D$181,"<="&DATE(2025,3,31),'2025数据'!$AE$3:$AE$181,$E27)) -> 0 | I27: =IF($S$1<DATE(2025,4,1)," ",COUNTIFS('2025数据'!$D$3:$D$181,">="&DATE(2025,4,1),'2025数据'!$D$3:$D$181,"<="&DATE(2025,4,30),'2025数据'!$AE$3:$AE$181,$E27)) -> 0 | J27: =IF($S$1<DATE(2025,5,1)," ",COUNTIFS('2025数据'!$D$3:$D$181,">="&DATE(2025,5,1),'2025数据'!$D$3:$D$181,"<="&DATE(2025,5,31),'2025数据'!$AE$3:$AE$181,$E27)) -> 1 | K27: =IF($S$1<DATE(2025,6,1)," ",COUNTIFS('2025数据'!$D$3:$D$181,">="&DATE(2025,6,1),'2025数据'!$D$3:$D$181,"<="&DATE(2025,6,30),'2025数据'!$AE$3:$AE$181,$E27)) -> 0 | L27: =IF($S$1<DATE(2025,7,1)," ",COUNTIFS('2025数据'!$D$3:$D$181,">="&DATE(2025,7,1),'2025数据'!$D$3:$D$181,"<="&DATE(2025,7,31),'2025数据'!$AE$3:$AE$181,$E27)) -> 3 | M27: =IF($S$1<DATE(2025,8,1)," ",COUNTIFS('2025数据'!$D$3:$D$181,">="&DATE(2025,8,1),'2025数据'!$D$3:$D$181,"<="&DATE(2025,8,31),'2025数据'!$AE$3:$AE$181,$E27)) -> 1 | N27: =IF($S$1<DATE(2025,9,1)," ",COUNTIFS('2025数据'!$D$3:$D$181,">="&DATE(2025,9,1),'2025数据'!$D$3:$D$181,"<="&DATE(2025,9,30),'2025数据'!$AE$3:$AE$181,$E27)) -> 0 | O27: =IF($S$1<DATE(2025,10,1)," ",COUNTIFS('2025数据'!$D$3:$D$181,">="&DATE(2025,10,1),'2025数据'!$D$3:$D$181,"<="&DATE(2025,10,31),'2025数据'!$AE$3:$AE$181,$E27)) -> 0 | P27: =IF($S$1<DATE(2025,11,1)," ",COUNTIFS('2025数据'!$D$3:$D$181,">="&DATE(2025,11,1),'2025数据'!$D$3:$D$181,"<="&DATE(2025,11,30),'2025数据'!$AE$3:$AE$181,$E27)) -> 1 | Q27: =IF($S$1<DATE(2025,12,1)," ",COUNTIFS('2025数据'!$D$3:$D$181,">="&DATE(2025,12,1),'2025数据'!$D$3:$D$181,"<="&DATE(2025,12,31),'2025数据'!$AE$3:$AE$181,$E27)) -> 1
A28: 可研 | B28: 完成评审 | C28: 每月数量 | D28: 负责人 | E28: 陈伟哲 | F28: =IF($S$1<DATE(2025,1,1)," ",COUNTIFS('2025数据'!$D$3:$D$181,">="&DATE(2024,1,1),'2025数据'!$D$3:$D$181,"<="&DATE(2025,1,31),'2025数据'!$AE$3:$AE$181,$E28)) -> 1 | G28: =IF($S$1<DATE(2025,2,1)," ",COUNTIFS('2025数据'!$D$3:$D$181,">="&DATE(2025,2,1),'2025数据'!$D$3:$D$181,"<="&DATE(2025,2,28),'2025数据'!$AE$3:$AE$181,$E28)) -> 1 | H28: =IF($S$1<DATE(2025,3,1)," ",COUNTIFS('2025数据'!$D$3:$D$181,">="&DATE(2025,3,1),'2025数据'!$D$3:$D$181,"<="&DATE(2025,3,31),'2025数据'!$AE$3:$AE$181,$E28)) -> 0 | I28: =IF($S$1<DATE(2025,4,1)," ",COUNTIFS('2025数据'!$D$3:$D$181,">="&DATE(2025,4,1),'2025数据'!$D$3:$D$181,"<="&DATE(2025,4,30),'2025数据'!$AE$3:$AE$181,$E28)) -> 0 | J28: =IF($S$1<DATE(2025,5,1)," ",COUNTIFS('2025数据'!$D$3:$D$181,">="&DATE(2025,5,1),'2025数据'!$D$3:$D$181,"<="&DATE(2025,5,31),'2025数据'!$AE$3:$AE$181,$E28)) -> 1 | K28: =IF($S$1<DATE(2025,6,1)," ",COUNTIFS('2025数据'!$D$3:$D$181,">="&DATE(2025,6,1),'2025数据'!$D$3:$D$181,"<="&DATE(2025,6,30),'2025数据'!$AE$3:$AE$181,$E28)) -> 0 | L28: =IF($S$1<DATE(2025,7,1)," ",COUNTIFS('2025数据'!$D$3:$D$181,">="&DATE(2025,7,1),'2025数据'!$D$3:$D$181,"<="&DATE(2025,7,31),'2025数据'!$AE$3:$AE$181,$E28)) -> 0 | M28: =IF($S$1<DATE(2025,8,1)," ",COUNTIFS('2025数据'!$D$3:$D$181,">="&DATE(2025,8,1),'2025数据'!$D$3:$D$181,"<="&DATE(2025,8,31),'2025数据'!$AE$3:$AE$181,$E28)) -> 1 | N28: =IF($S$1<DATE(2025,9,1)," ",COUNTIFS('2025数据'!$D$3:$D$181,">="&DATE(2025,9,1),'2025数据'!$D$3:$D$181,"<="&DATE(2025,9,30),'2025数据'!$AE$3:$AE$181,$E28)) -> 0 | O28: =IF($S$1<DATE(2025,10,1)," ",COUNTIFS('2025数据'!$D$3:$D$181,">="&DATE(2025,10,1),'2025数据'!$D$3:$D$181,"<="&DATE(2025,10,31),'2025数据'!$AE$3:$AE$181,$E28)) -> 0 | P28: =IF($S$1<DATE(2025,11,1)," ",COUNTIFS('2025数据'!$D$3:$D$181,">="&DATE(2025,11,1),'2025数据'!$D$3:$D$181,"<="&DATE(2025,11,30),'2025数据'!$AE$3:$AE$181,$E28)) -> 1 | Q28: =IF($S$1<DATE(2025,12,1)," ",COUNTIFS('2025数据'!$D$3:$D$181,">="&DATE(2025,12,1),'2025数据'!$D$3:$D$181,"<="&DATE(2025,12,31),'2025数据'!$AE$3:$AE$181,$E28)) -> 1
A29: 可研 | B29: 完成评审 | C29: 每月数量 | D29: 负责人 | E29: 黄小珈 | F29: =IF($S$1<DATE(2025,1,1)," ",COUNTIFS('2025数据'!$D$3:$D$181,">="&DATE(2024,1,1),'2025数据'!$D$3:$D$181,"<="&DATE(2025,1,31),'2025数据'!$AE$3:$AE$181,$E29)) -> 1 | G29: =IF($S$1<DATE(2025,2,1)," ",COUNTIFS('2025数据'!$D$3:$D$181,">="&DATE(2025,2,1),'2025数据'!$D$3:$D$181,"<="&DATE(2025,2,28),'2025数据'!$AE$3:$AE$181,$E29)) -> 0 | H29: =IF($S$1<DATE(2025,3,1)," ",COUNTIFS('2025数据'!$D$3:$D$181,">="&DATE(2025,3,1),'2025数据'!$D$3:$D$181,"<="&DATE(2025,3,31),'2025数据'!$AE$3:$AE$181,$E29)) -> 0 | I29: =IF($S$1<DATE(2025,4,1)," ",COUNTIFS('2025数据'!$D$3:$D$181,">="&DATE(2025,4,1),'2025数据'!$D$3:$D$181,"<="&DATE(2025,4,30),'2025数据'!$AE$3:$AE$181,$E29)) -> 0 | J29: =IF($S$1<DATE(2025,5,1)," ",COUNTIFS('2025数据'!$D$3:$D$181,">="&DATE(2025,5,1),'2025数据'!$D$3:$D$181,"<="&DATE(2025,5,31),'2025数据'!$AE$3:$AE$181,$E29)) -> 0 | K29: =IF($S$1<DATE(2025,6,1)," ",COUNTIFS('2025数据'!$D$3:$D$181,">="&DATE(2025,6,1),'2025数据'!$D$3:$D$181,"<="&DATE(2025,6,30),'2025数据'!$AE$3:$AE$181,$E29)) -> 0 | L29: =IF($S$1<DATE(2025,7,1)," ",COUNTIFS('2025数据'!$D$3:$D$181,">="&DATE(2025,7,1),'2025数据'!$D$3:$D$181,"<="&DATE(2025,7,31),'2025数据'!$AE$3:$AE$181,$E29)) -> 1 | M29: =IF($S$1<DATE(2025,8,1)," ",COUNTIFS('2025数据'!$D$3:$D$181,">="&DATE(2025,8,1),'2025数据'!$D$3:$D$181,"<="&DATE(2025,8,31),'2025数据'!$AE$3:$AE$181,$E29)) -> 0 | N29: =IF($S$1<DATE(2025,9,1)," ",COUNTIFS('2025数据'!$D$3:$D$181,">="&DATE(2025,9,1),'2025数据'!$D$3:$D$181,"<="&DATE(2025,9,30),'2025数据'!$AE$3:$AE$181,$E29)) -> 1 | O29: =IF($S$1<DATE(2025,10,1)," ",COUNTIFS('2025数据'!$D$3:$D$181,">="&DATE(2025,10,1),'2025数据'!$D$3:$D$181,"<="&DATE(2025,10,31),'2025数据'!$AE$3:$AE$181,$E29)) -> 0 | P29: =IF($S$1<DATE(2025,11,1)," ",COUNTIFS('2025数据'!$D$3:$D$181,">="&DATE(2025,11,1),'2025数据'!$D$3:$D$181,"<="&DATE(2025,11,30),'2025数据'!$AE$3:$AE$181,$E29)) -> 0 | Q29: =IF($S$1<DATE(2025,12,1)," ",COUNTIFS('2025数据'!$D$3:$D$181,">="&DATE(2025,12,1),'2025数据'!$D$3:$D$181,"<="&DATE(2025,12,31),'2025数据'!$AE$3:$AE$181,$E29)) -> 0
A30: 可研 | B30: 完成评审 | C30: 每月数量 | D30: 负责人 | E30: 梁为 | F30: =IF($S$1<DATE(2025,1,1)," ",COUNTIFS('2025数据'!$D$3:$D$181,">="&DATE(2024,1,1),'2025数据'!$D$3:$D$181,"<="&DATE(2025,1,31),'2025数据'!$AE$3:$AE$181,$E30)) -> 0 | G30: =IF($S$1<DATE(2025,2,1)," ",COUNTIFS('2025数据'!$D$3:$D$181,">="&DATE(2025,2,1),'2025数据'!$D$3:$D$181,"<="&DATE(2025,2,28),'2025数据'!$AE$3:$AE$181,$E30)) -> 0 | H30: =IF($S$1<DATE(2025,3,1)," ",COUNTIFS('2025数据'!$D$3:$D$181,">="&DATE(2025,3,1),'2025数据'!$D$3:$D$181,"<="&DATE(2025,3,31),'2025数据'!$AE$3:$AE$181,$E30)) -> 0 | I30: =IF($S$1<DATE(2025,4,1)," ",COUNTIFS('2025数据'!$D$3:$D$181,">="&DATE(2025,4,1),'2025数据'!$D$3:$D$181,"<="&DATE(2025,4,30),'2025数据'!$AE$3:$AE$181,$E30)) -> 0 | J30: =IF($S$1<DATE(2025,5,1)," ",COUNTIFS('2025数据'!$D$3:$D$181,">="&DATE(2025,5,1),'2025数据'!$D$3:$D$181,"<="&DATE(2025,5,31),'2025数据'!$AE$3:$AE$181,$E30)) -> 0 | K30: =IF($S$1<DATE(2025,6,1)," ",COUNTIFS('2025数据'!$D$3:$D$181,">="&DATE(2025,6,1),'2025数据'!$D$3:$D$181,"<="&DATE(2025,6,30),'2025数据'!$AE$3:$AE$181,$E30)) -> 1 | L30: =IF($S$1<DATE(2025,7,1)," ",COUNTIFS('2025数据'!$D$3:$D$181,">="&DATE(2025,7,1),'2025数据'!$D$3:$D$181,"<="&DATE(2025,7,31),'2025数据'!$AE$3:$AE$181,$E30)) -> 0 | M30: =IF($S$1<DATE(2025,8,1)," ",COUNTIFS('2025数据'!$D$3:$D$181,">="&DATE(2025,8,1),'2025数据'!$D$3:$D$181,"<="&DATE(2025,8,31),'2025数据'!$AE$3:$AE$181,$E30)) -> 0 | N30: =IF($S$1<DATE(2025,9,1)," ",COUNTIFS('2025数据'!$D$3:$D$181,">="&DATE(2025,9,1),'2025数据'!$D$3:$D$181,"<="&DATE(2025,9,30),'2025数据'!$AE$3:$AE$181,$E30)) -> 0 | O30: =IF($S$1<DATE(2025,10,1)," ",COUNTIFS('2025数据'!$D$3:$D$181,">="&DATE(2025,10,1),'2025数据'!$D$3:$D$181,"<="&DATE(2025,10,31),'2025数据'!$AE$3:$AE$181,$E30)) -> 0 | P30: =IF($S$1<DATE(2025,11,1)," ",COUNTIFS('2025数据'!$D$3:$D$181,">="&DATE(2025,11,1),'2025数据'!$D$3:$D$181,"<="&DATE(2025,11,30),'2025数据'!$AE$3:$AE$181,$E30)) -> 0 | Q30: =IF($S$1<DATE(2025,12,1)," ",COUNTIFS('2025数据'!$D$3:$D$181,">="&DATE(2025,12,1),'2025数据'!$D$3:$D$181,"<="&DATE(2025,12,31),'2025数据'!$AE$3:$AE$181,$E30)) -> 0
A31: 可研 | B31: 完成评审 | C31: 每月数量 | D31: 负责人 | E31: 王志会 | F31: =IF($S$1<DATE(2025,1,1)," ",COUNTIFS('2025数据'!$D$3:$D$181,">="&DATE(2024,1,1),'2025数据'!$D$3:$D$181,"<="&DATE(2025,1,31),'2025数据'!$AE$3:$AE$181,$E31)) -> 1 | G31: =IF($S$1<DATE(2025,2,1)," ",COUNTIFS('2025数据'!$D$3:$D$181,">="&DATE(2025,2,1),'2025数据'!$D$3:$D$181,"<="&DATE(2025,2,28),'2025数据'!$AE$3:$AE$181,$E31)) -> 0 | H31: =IF($S$1<DATE(2025,3,1)," ",COUNTIFS('2025数据'!$D$3:$D$181,">="&DATE(2025,3,1),'2025数据'!$D$3:$D$181,"<="&DATE(2025,3,31),'2025数据'!$AE$3:$AE$181,$E31)) -> 0 | I31: =IF($S$1<DATE(2025,4,1)," ",COUNTIFS('2025数据'!$D$3:$D$181,">="&DATE(2025,4,1),'2025数据'!$D$3:$D$181,"<="&DATE(2025,4,30),'2025数据'!$AE$3:$AE$181,$E31)) -> 0 | J31: =IF($S$1<DATE(2025,5,1)," ",COUNTIFS('2025数据'!$D$3:$D$181,">="&DATE(2025,5,1),'2025数据'!$D$3:$D$181,"<="&DATE(2025,5,31),'2025数据'!$AE$3:$AE$181,$E31)) -> 0 | K31: =IF($S$1<DATE(2025,6,1)," ",COUNTIFS('2025数据'!$D$3:$D$181,">="&DATE(2025,6,1),'2025数据'!$D$3:$D$181,"<="&DATE(2025,6,30),'2025数据'!$AE$3:$AE$181,$E31)) -> 0 | L31: =IF($S$1<DATE(2025,7,1)," ",COUNTIFS('2025数据'!$D$3:$D$181,">="&DATE(2025,7,1),'2025数据'!$D$3:$D$181,"<="&DATE(2025,7,31),'2025数据'!$AE$3:$AE$181,$E31)) -> 0 | M31: =IF($S$1<DATE(2025,8,1)," ",COUNTIFS('2025数据'!$D$3:$D$181,">="&DATE(2025,8,1),'2025数据'!$D$3:$D$181,"<="&DATE(2025,8,31),'2025数据'!$AE$3:$AE$181,$E31)) -> 0 | N31: =IF($S$1<DATE(2025,9,1)," ",COUNTIFS('2025数据'!$D$3:$D$181,">="&DATE(2025,9,1),'2025数据'!$D$3:$D$181,"<="&DATE(2025,9,30),'2025数据'!$AE$3:$AE$181,$E31)) -> 0 | O31: =IF($S$1<DATE(2025,10,1)," ",COUNTIFS('2025数据'!$D$3:$D$181,">="&DATE(2025,10,1),'2025数据'!$D$3:$D$181,"<="&DATE(2025,10,31),'2025数据'!$AE$3:$AE$181,$E31)) -> 0 | P31: =IF($S$1<DATE(2025,11,1)," ",COUNTIFS('2025数据'!$D$3:$D$181,">="&DATE(2025,11,1),'2025数据'!$D$3:$D$181,"<="&DATE(2025,11,30),'2025数据'!$AE$3:$AE$181,$E31)) -> 0 | Q31: =IF($S$1<DATE(2025,12,1)," ",COUNTIFS('2025数据'!$D$3:$D$181,">="&DATE(2025,12,1),'2025数据'!$D$3:$D$181,"<="&DATE(2025,12,31),'2025数据'!$AE$3:$AE$181,$E31)) -> 0
A32: 可研 | B32: 完成评审 | C32: 每月数量 | D32: 设计 | E32: 广州院 | F32: =IF($S$1<DATE(2025,1,1)," ",COUNTIFS('2025数据'!$D$3:$D$181,">="&DATE(2024,1,1),'2025数据'!$D$3:$D$181,"<="&DATE(2025,1,31),'2025数据'!$B$3:$B$181,$E32)) -> 4 | G32: =IF($S$1<DATE(2025,2,1)," ",COUNTIFS('2025数据'!$D$3:$D$181,">="&DATE(2025,2,1),'2025数据'!$D$3:$D$181,"<="&DATE(2025,2,28),'2025数据'!$B$3:$B$181,$E32)) -> 0 | H32: =IF($S$1<DATE(2025,3,1)," ",COUNTIFS('2025数据'!$D$3:$D$181,">="&DATE(2025,3,1),'2025数据'!$D$3:$D$181,"<="&DATE(2025,3,31),'2025数据'!$B$3:$B$181,$E32)) -> 0 | I32: =IF($S$1<DATE(2025,4,1)," ",COUNTIFS('2025数据'!$D$3:$D$181,">="&DATE(2025,4,1),'2025数据'!$D$3:$D$181,"<="&DATE(2025,4,30),'2025数据'!$B$3:$B$181,$E32)) -> 2 | J32: =IF($S$1<DATE(2025,5,1)," ",COUNTIFS('2025数据'!$D$3:$D$181,">="&DATE(2025,5,1),'2025数据'!$D$3:$D$181,"<="&DATE(2025,5,31),'2025数据'!$B$3:$B$181,$E32)) -> 1 | K32: =IF($S$1<DATE(2025,6,1)," ",COUNTIFS('2025数据'!$D$3:$D$181,">="&DATE(2025,6,1),'2025数据'!$D$3:$D$181,"<="&DATE(2025,6,30),'2025数据'!$B$3:$B$181,$E32)) -> 1 | L32: =IF($S$1<DATE(2025,7,1)," ",COUNTIFS('2025数据'!$D$3:$D$181,">="&DATE(2025,7,1),'2025数据'!$D$3:$D$181,"<="&DATE(2025,7,31),'2025数据'!$B$3:$B$181,$E32)) -> 1 | M32: =IF($S$1<DATE(2025,8,1)," ",COUNTIFS('2025数据'!$D$3:$D$181,">="&DATE(2025,8,1),'2025数据'!$D$3:$D$181,"<="&DATE(2025,8,31),'2025数据'!$B$3:$B$181,$E32)) -> 2 | N32: =IF($S$1<DATE(2025,9,1)," ",COUNTIFS('2025数据'!$D$3:$D$181,">="&DATE(2025,9,1),'2025数据'!$D$3:$D$181,"<="&DATE(2025,9,30),'2025数据'!$B$3:$B$181,$E32)) -> 2 | O32: =IF($S$1<DATE(2025,10,1)," ",COUNTIFS('2025数据'!$D$3:$D$181,">="&DATE(2025,10,1),'2025数据'!$D$3:$D$181,"<="&DATE(2025,10,31),'2025数据'!$B$3:$B$181,$E32)) -> 1 | P32: =IF($S$1<DATE(2025,11,1)," ",COUNTIFS('2025数据'!$D$3:$D$181,">="&DATE(2025,11,1),'2025数据'!$D$3:$D$181,"<="&DATE(2025,11,30),'2025数据'!$B$3:$B$181,$E32)) -> 2 | Q32: =IF($S$1<DATE(2025,12,1)," ",COUNTIFS('2025数据'!$D$3:$D$181,">="&DATE(2025,12,1),'2025数据'!$D$3:$D$181,"<="&DATE(2025,12,31),'2025数据'!$B$3:$B$181,$E32)) -> 0
A33: 可研 | B33: 完成评审 | C33: 每月数量 | D33: 设计 | E33: 工程院 | F33: =IF($S$1<DATE(2025,1,1)," ",COUNTIFS('2025数据'!$D$3:$D$181,">="&DATE(2024,1,1),'2025数据'!$D$3:$D$181,"<="&DATE(2025,1,31),'2025数据'!$B$3:$B$181,$E33)) -> 0 | G33: =IF($S$1<DATE(2025,2,1)," ",COUNTIFS('2025数据'!$D$3:$D$181,">="&DATE(2025,2,1),'2025数据'!$D$3:$D$181,"<="&DATE(2025,2,28),'2025数据'!$B$3:$B$181,$E33)) -> 1 | H33: =IF($S$1<DATE(2025,3,1)," ",COUNTIFS('2025数据'!$D$3:$D$181,">="&DATE(2025,3,1),'2025数据'!$D$3:$D$181,"<="&DATE(2025,3,31),'2025数据'!$B$3:$B$181,$E33)) -> 1 | I33: =IF($S$1<DATE(2025,4,1)," ",COUNTIFS('2025数据'!$D$3:$D$181,">="&DATE(2025,4,1),'2025数据'!$D$3:$D$181,"<="&DATE(2025,4,30),'2025数据'!$B$3:$B$181,$E33)) -> 2 | J33: =IF($S$1<DATE(2025,5,1)," ",COUNTIFS('2025数据'!$D$3:$D$181,">="&DATE(2025,5,1),'2025数据'!$D$3:$D$181,"<="&DATE(2025,5,31),'2025数据'!$B$3:$B$181,$E33)) -> 2 | K33: =IF($S$1<DATE(2025,6,1)," ",COUNTIFS('2025数据'!$D$3:$D$181,">="&DATE(2025,6,1),'2025数据'!$D$3:$D$181,"<="&DATE(2025,6,30),'2025数据'!$B$3:$B$181,$E33)) -> 1 | L33: =IF($S$1<DATE(2025,7,1)," ",COUNTIFS('2025数据'!$D$3:$D$181,">="&DATE(2025,7,1),'2025数据'!$D$3:$D$181,"<="&DATE(2025,7,31),'2025数据'!$B$3:$B$181,$E33)) -> 5 | M33: =IF($S$1<DATE(2025,8,1)," ",COUNTIFS('2025数据'!$D$3:$D$181,">="&DATE(2025,8,1),'2025数据'!$D$3:$D$181,"<="&DATE(2025,8,31),'2025数据'!$B$3:$B$181,$E33)) -> 1 | N33: =IF($S$1<DATE(2025,9,1)," ",COUNTIFS('2025数据'!$D$3:$D$181,">="&DATE(2025,9,1),'2025数据'!$D$3:$D$181,"<="&DATE(2025,9,30),'2025数据'!$B$3:$B$181,$E33)) -> 1 | O33: =IF($S$1<DATE(2025,10,1)," ",COUNTIFS('2025数据'!$D$3:$D$181,">="&DATE(2025,10,1),'2025数据'!$D$3:$D$181,"<="&DATE(2025,10,31),'2025数据'!$B$3:$B$181,$E33)) -> 0 | P33: =IF($S$1<DATE(2025,11,1)," ",COUNTIFS('2025数据'!$D$3:$D$181,">="&DATE(2025,11,1),'2025数据'!$D$3:$D$181,"<="&DATE(2025,11,30),'2025数据'!$B$3:$B$181,$E33)) -> 2 | Q33: =IF($S$1<DATE(2025,12,1)," ",COUNTIFS('2025数据'!$D$3:$D$181,">="&DATE(2025,12,1),'2025数据'!$D$3:$D$181,"<="&DATE(2025,12,31),'2025数据'!$B$3:$B$181,$E33)) -> 3
A34: 可研 | B34: 完成评审 | C34: 每月数量 | D34: 设计 | E34: 汇隽院 | F34: =IF($S$1<DATE(2025,1,1)," ",COUNTIFS('2025数据'!$D$3:$D$181,">="&DATE(2024,1,1),'2025数据'!$D$3:$D$181,"<="&DATE(2025,1,31),'2025数据'!$B$3:$B$181,$E34)) -> 0 | G34: =IF($S$1<DATE(2025,2,1)," ",COUNTIFS('2025数据'!$D$3:$D$181,">="&DATE(2025,2,1),'2025数据'!$D$3:$D$181,"<="&DATE(2025,2,28),'2025数据'!$B$3:$B$181,$E34)) -> 0 | H34: =IF($S$1<DATE(2025,3,1)," ",COUNTIFS('2025数据'!$D$3:$D$181,">="&DATE(2025,3,1),'2025数据'!$D$3:$D$181,"<="&DATE(2025,3,31),'2025数据'!$B$3:$B$181,$E34)) -> 0 | I34: =IF($S$1<DATE(2025,4,1)," ",COUNTIFS('2025数据'!$D$3:$D$181,">="&DATE(2025,4,1),'2025数据'!$D$3:$D$181,"<="&DATE(2025,4,30),'2025数据'!$B$3:$B$181,$E34)) -> 1 | J34: =IF($S$1<DATE(2025,5,1)," ",COUNTIFS('2025数据'!$D$3:$D$181,">="&DATE(2025,5,1),'2025数据'!$D$3:$D$181,"<="&DATE(2025,5,31),'2025数据'!$B$3:$B$181,$E34)) -> 2 | K34: =IF($S$1<DATE(2025,6,1)," ",COUNTIFS('2025数据'!$D$3:$D$181,">="&DATE(2025,6,1),'2025数据'!$D$3:$D$181,"<="&DATE(2025,6,30),'2025数据'!$B$3:$B$181,$E34)) -> 0 | L34: =IF($S$1<DATE(2025,7,1)," ",COUNTIFS('2025数据'!$D$3:$D$181,">="&DATE(2025,7,1),'2025数据'!$D$3:$D$181,"<="&DATE(2025,7,31),'2025数据'!$B$3:$B$181,$E34)) -> 0 | M34: =IF($S$1<DATE(2025,8,1)," ",COUNTIFS('2025数据'!$D$3:$D$181,">="&DATE(2025,8,1),'2025数据'!$D$3:$D$181,"<="&DATE(2025,8,31),'2025数据'!$B$3:$B$181,$E34)) -> 1 | N34: =IF($S$1<DATE(2025,9,1)," ",COUNTIFS('2025数据'!$D$3:$D$181,">="&DATE(2025,9,1),'2025数据'!$D$3:$D$181,"<="&DATE(2025,9,30),'2025数据'!$B$3:$B$181,$E34)) -> 1 | O34: =IF($S$1<DATE(2025,10,1)," ",COUNTIFS('2025数据'!$D$3:$D$181,">="&DATE(2025,10,1),'2025数据'!$D$3:$D$181,"<="&DATE(2025,10,31),'2025数据'!$B$3:$B$181,$E34)) -> 0 | P34: =IF($S$1<DATE(2025,11,1)," ",COUNTIFS('2025数据'!$D$3:$D$181,">="&DATE(2025,11,1),'2025数据'!$D$3:$D$181,"<="&DATE(2025,11,30),'2025数据'!$B$3:$B$181,$E34)) -> 2 | Q34: =IF($S$1<DATE(2025,12,1)," ",COUNTIFS('2025数据'!$D$3:$D$181,">="&DATE(2025,12,1),'2025数据'!$D$3:$D$181,"<="&DATE(2025,12,31),'2025数据'!$B$3:$B$181,$E34)) -> 0
A35: 可研 | B35: 完成评审 | C35: 每月数量 | D35: 设计 | E35: 省院 | F35: =IF($S$1<DATE(2025,1,1)," ",COUNTIFS('2025数据'!$D$3:$D$181,">="&DATE(2024,1,1),'2025数据'!$D$3:$D$181,"<="&DATE(2025,1,31),'2025数据'!$B$3:$B$181,$E35)) -> 0 | G35: =IF($S$1<DATE(2025,2,1)," ",COUNTIFS('2025数据'!$D$3:$D$181,">="&DATE(2025,2,1),'2025数据'!$D$3:$D$181,"<="&DATE(2025,2,28),'2025数据'!$B$3:$B$181,$E35)) -> 1 | H35: =IF($S$1<DATE(2025,3,1)," ",COUNTIFS('2025数据'!$D$3:$D$181,">="&DATE(2025,3,1),'2025数据'!$D$3:$D$181,"<="&DATE(2025,3,31),'2025数据'!$B$3:$B$181,$E35)) -> 0 | I35: =IF($S$1<DATE(2025,4,1)," ",COUNTIFS('2025数据'!$D$3:$D$181,">="&DATE(2025,4,1),'2025数据'!$D$3:$D$181,"<="&DATE(2025,4,30),'2025数据'!$B$3:$B$181,$E35)) -> 0 | J35: =IF($S$1<DATE(2025,5,1)," ",COUNTIFS('2025数据'!$D$3:$D$181,">="&DATE(2025,5,1),'2025数据'!$D$3:$D$181,"<="&DATE(2025,5,31),'2025数据'!$B$3:$B$181,$E35)) -> 0 | K35: =IF($S$1<DATE(2025,6,1)," ",COUNTIFS('2025数据'!$D$3:$D$181,">="&DATE(2025,6,1),'2025数据'!$D$3:$D$181,"<="&DATE(2025,6,30),'2025数据'!$B$3:$B$181,$E35)) -> 0 | L35: =IF($S$1<DATE(2025,7,1)," ",COUNTIFS('2025数据'!$D$3:$D$181,">="&DATE(2025,7,1),'2025数据'!$D$3:$D$181,"<="&DATE(2025,7,31),'2025数据'!$B$3:$B$181,$E35)) -> 0 | M35: =IF($S$1<DATE(2025,8,1)," ",COUNTIFS('2025数据'!$D$3:$D$181,">="&DATE(2025,8,1),'2025数据'!$D$3:$D$181,"<="&DATE(2025,8,31),'2025数据'!$B$3:$B$181,$E35)) -> 0 | N35: =IF($S$1<DATE(2025,9,1)," ",COUNTIFS('2025数据'!$D$3:$D$181,">="&DATE(2025,9,1),'2025数据'!$D$3:$D$181,"<="&DATE(2025,9,30),'2025数据'!$B$3:$B$181,$E35)) -> 0 | O35: =IF($S$1<DATE(2025,10,1)," ",COUNTIFS('2025数据'!$D$3:$D$181,">="&DATE(2025,10,1),'2025数据'!$D$3:$D$181,"<="&DATE(2025,10,31),'2025数据'!$B$3:$B$181,$E35)) -> 0 | P35: =IF($S$1<DATE(2025,11,1)," ",COUNTIFS('2025数据'!$D$3:$D$181,">="&DATE(2025,11,1),'2025数据'!$D$3:$D$181,"<="&DATE(2025,11,30),'2025数据'!$B$3:$B$181,$E35)) -> 0 | Q35: =IF($S$1<DATE(2025,12,1)," ",COUNTIFS('2025数据'!$D$3:$D$181,">="&DATE(2025,12,1),'2025数据'!$D$3:$D$181,"<="&DATE(2025,12,31),'2025数据'!$B$3:$B$181,$E35)) -> 0
A36: 可研 | B36: 完成评审 | C36: 每月数量 | D36: 设计 | E36: 其他 | F36: =IF($S$1<DATE(2025,1,1)," ",COUNTIFS('2025数据'!$D$3:$D$181,">="&DATE(2024,1,1),'2025数据'!$D$3:$D$181,"<="&DATE(2025,1,31),'2025数据'!$B$3:$B$181,$E36)) -> 0 | G36: =IF($S$1<DATE(2025,2,1)," ",COUNTIFS('2025数据'!$D$3:$D$181,">="&DATE(2025,2,1),'2025数据'!$D$3:$D$181,"<="&DATE(2025,2,28),'2025数据'!$B$3:$B$181,$E36)) -> 0 | H36: =IF($S$1<DATE(2025,3,1)," ",COUNTIFS('2025数据'!$D$3:$D$181,">="&DATE(2025,3,1),'2025数据'!$D$3:$D$181,"<="&DATE(2025,3,31),'2025数据'!$B$3:$B$181,$E36)) -> 0 | I36: =IF($S$1<DATE(2025,4,1)," ",COUNTIFS('2025数据'!$D$3:$D$181,">="&DATE(2025,4,1),'2025数据'!$D$3:$D$181,"<="&DATE(2025,4,30),'2025数据'!$B$3:$B$181,$E36)) -> 0 | J36: =IF($S$1<DATE(2025,5,1)," ",COUNTIFS('2025数据'!$D$3:$D$181,">="&DATE(2025,5,1),'2025数据'!$D$3:$D$181,"<="&DATE(2025,5,31),'2025数据'!$B$3:$B$181,$E36)) -> 0 | K36: =IF($S$1<DATE(2025,6,1)," ",COUNTIFS('2025数据'!$D$3:$D$181,">="&DATE(2025,6,1),'2025数据'!$D$3:$D$181,"<="&DATE(2025,6,30),'2025数据'!$B$3:$B$181,$E36)) -> 0 | L36: =IF($S$1<DATE(2025,7,1)," ",COUNTIFS('2025数据'!$D$3:$D$181,">="&DATE(2025,7,1),'2025数据'!$D$3:$D$181,"<="&DATE(2025,7,31),'2025数据'!$B$3:$B$181,$E36)) -> 0 | M36: =IF($S$1<DATE(2025,8,1)," ",COUNTIFS('2025数据'!$D$3:$D$181,">="&DATE(2025,8,1),'2025数据'!$D$3:$D$181,"<="&DATE(2025,8,31),'2025数据'!$B$3:$B$181,$E36)) -> 0 | N36: =IF($S$1<DATE(2025,9,1)," ",COUNTIFS('2025数据'!$D$3:$D$181,">="&DATE(2025,9,1),'2025数据'!$D$3:$D$181,"<="&DATE(2025,9,30),'2025数据'!$B$3:$B$181,$E36)) -> 0 | O36: =IF($S$1<DATE(2025,10,1)," ",COUNTIFS('2025数据'!$D$3:$D$181,">="&DATE(2025,10,1),'2025数据'!$D$3:$D$181,"<="&DATE(2025,10,31),'2025数据'!$B$3:$B$181,$E36)) -> 0 | P36: =IF($S$1<DATE(2025,11,1)," ",COUNTIFS('2025数据'!$D$3:$D$181,">="&DATE(2025,11,1),'2025数据'!$D$3:$D$181,"<="&DATE(2025,11,30),'2025数据'!$B$3:$B$181,$E36)) -> 0 | Q36: =IF($S$1<DATE(2025,12,1)," ",COUNTIFS('2025数据'!$D$3:$D$181,">="&DATE(2025,12,1),'2025数据'!$D$3:$D$181,"<="&DATE(2025,12,31),'2025数据'!$B$3:$B$181,$E36)) -> 0
A37: 可研 | B37: 完成评审 | C37: 每月数量 | D37: 广州局 | E37: 核减 | F37: =IF($S$1<DATE(2025,1,1)," ",COUNTIFS('2025数据'!$D$3:$D$181,">="&DATE(2025,1,1),'2025数据'!$D$3:$D$181,"<="&DATE(2025,1,31),'2025数据'!$AL$3:$AL$181,$E37)) -> 4 | G37: =IF($S$1<DATE(2025,2,1)," ",COUNTIFS('2025数据'!$D$3:$D$181,">="&DATE(2025,2,1),'2025数据'!$D$3:$D$181,"<="&DATE(2025,2,28),'2025数据'!$AL$3:$AL$181,$E37)) -> 1 | H37: =IF($S$1<DATE(2025,3,1)," ",COUNTIFS('2025数据'!$D$3:$D$181,">="&DATE(2025,3,1),'2025数据'!$D$3:$D$181,"<="&DATE(2025,3,31),'2025数据'!$AL$3:$AL$181,$E37)) -> 0 | I37: =IF($S$1<DATE(2025,4,1)," ",COUNTIFS('2025数据'!$D$3:$D$181,">="&DATE(2025,4,1),'2025数据'!$D$3:$D$181,"<="&DATE(2025,4,30),'2025数据'!$AL$3:$AL$181,$E37)) -> 3 | J37: =IF($S$1<DATE(2025,5,1)," ",COUNTIFS('2025数据'!$D$3:$D$181,">="&DATE(2025,5,1),'2025数据'!$D$3:$D$181,"<="&DATE(2025,5,31),'2025数据'!$AL$3:$AL$181,$E37)) -> 2 | K37: =IF($S$1<DATE(2025,6,1)," ",COUNTIFS('2025数据'!$D$3:$D$181,">="&DATE(2025,6,1),'2025数据'!$D$3:$D$181,"<="&DATE(2025,6,30),'2025数据'!$AL$3:$AL$181,$E37)) -> 1 | L37: =IF($S$1<DATE(2025,7,1)," ",COUNTIFS('2025数据'!$D$3:$D$181,">="&DATE(2025,7,1),'2025数据'!$D$3:$D$181,"<="&DATE(2025,7,31),'2025数据'!$AL$3:$AL$181,$E37)) -> 5 | M37: =IF($S$1<DATE(2025,8,1)," ",COUNTIFS('2025数据'!$D$3:$D$181,">="&DATE(2025,8,1),'2025数据'!$D$3:$D$181,"<="&DATE(2025,8,31),'2025数据'!$AL$3:$AL$181,$E37)) -> 3 | N37: =IF($S$1<DATE(2025,9,1)," ",COUNTIFS('2025数据'!$D$3:$D$181,">="&DATE(2025,9,1),'2025数据'!$D$3:$D$181,"<="&DATE(2025,9,30),'2025数据'!$AL$3:$AL$181,$E37)) -> 2 | O37: =IF($S$1<DATE(2025,10,1)," ",COUNTIFS('2025数据'!$D$3:$D$181,">="&DATE(2025,10,1),'2025数据'!$D$3:$D$181,"<="&DATE(2025,10,31),'2025数据'!$AL$3:$AL$181,$E37)) -> 0 | P37: =IF($S$1<DATE(2025,11,1)," ",COUNTIFS('2025数据'!$D$3:$D$181,">="&DATE(2025,11,1),'2025数据'!$D$3:$D$181,"<="&DATE(2025,11,30),'2025数据'!$AL$3:$AL$181,$E37)) -> 6 | Q37: =IF($S$1<DATE(2025,12,1)," ",COUNTIFS('2025数据'!$D$3:$D$181,">="&DATE(2025,12,1),'2025数据'!$D$3:$D$181,"<="&DATE(2025,12,31),'2025数据'!$AL$3:$AL$181,$E37)) -> 3
A38: 可研 | B38: 完成评审 | C38: 每月数量 | D38: 广州局 | E38: 核增 | F38: =IF($S$1<DATE(2025,1,1)," ",COUNTIFS('2025数据'!$D$3:$D$181,">="&DATE(2025,1,1),'2025数据'!$D$3:$D$181,"<="&DATE(2025,1,31),'2025数据'!$AL$3:$AL$181,$E38)) -> 0 | G38: =IF($S$1<DATE(2025,2,1)," ",COUNTIFS('2025数据'!$D$3:$D$181,">="&DATE(2025,2,1),'2025数据'!$D$3:$D$181,"<="&DATE(2025,2,28),'2025数据'!$AL$3:$AL$181,$E38)) -> 1 | H38: =IF($S$1<DATE(2025,3,1)," ",COUNTIFS('2025数据'!$D$3:$D$181,">="&DATE(2025,3,1),'2025数据'!$D$3:$D$181,"<="&DATE(2025,3,31),'2025数据'!$AL$3:$AL$181,$E38)) -> 1 | I38: =IF($S$1<DATE(2025,4,1)," ",COUNTIFS('2025数据'!$D$3:$D$181,">="&DATE(2025,4,1),'2025数据'!$D$3:$D$181,"<="&DATE(2025,4,30),'2025数据'!$AL$3:$AL$181,$E38)) -> 2 | J38: =IF($S$1<DATE(2025,5,1)," ",COUNTIFS('2025数据'!$D$3:$D$181,">="&DATE(2025,5,1),'2025数据'!$D$3:$D$181,"<="&DATE(2025,5,31),'2025数据'!$AL$3:$AL$181,$E38)) -> 3 | K38: =IF($S$1<DATE(2025,6,1)," ",COUNTIFS('2025数据'!$D$3:$D$181,">="&DATE(2025,6,1),'2025数据'!$D$3:$D$181,"<="&DATE(2025,6,30),'2025数据'!$AL$3:$AL$181,$E38)) -> 1 | L38: =IF($S$1<DATE(2025,7,1)," ",COUNTIFS('2025数据'!$D$3:$D$181,">="&DATE(2025,7,1),'2025数据'!$D$3:$D$181,"<="&DATE(2025,7,31),'2025数据'!$AL$3:$AL$181,$E38)) -> 1 | M38: =IF($S$1<DATE(2025,8,1)," ",COUNTIFS('2025数据'!$D$3:$D$181,">="&DATE(2025,8,1),'2025数据'!$D$3:$D$181,"<="&DATE(2025,8,31),'2025数据'!$AL$3:$AL$181,$E38)) -> 1 | N38: =IF($S$1<DATE(2025,9,1)," ",COUNTIFS('2025数据'!$D$3:$D$181,">="&DATE(2025,9,1),'2025数据'!$D$3:$D$181,"<="&DATE(2025,9,30),'2025数据'!$AL$3:$AL$181,$E38)) -> 2 | O38: =IF($S$1<DATE(2025,10,1)," ",COUNTIFS('2025数据'!$D$3:$D$181,">="&DATE(2025,10,1),'2025数据'!$D$3:$D$181,"<="&DATE(2025,10,31),'2025数据'!$AL$3:$AL$181,$E38)) -> 1 | P38: =IF($S$1<DATE(2025,11,1)," ",COUNTIFS('2025数据'!$D$3:$D$181,">="&DATE(2025,11,1),'2025数据'!$D$3:$D$181,"<="&DATE(2025,11,30),'2025数据'!$AL$3:$AL$181,$E38)) -> 0 | Q38: =IF($S$1<DATE(2025,12,1)," ",COUNTIFS('2025数据'!$D$3:$D$181,">="&DATE(2025,12,1),'2025数据'!$D$3:$D$181,"<="&DATE(2025,12,31),'2025数据'!$AL$3:$AL$181,$E38)) -> 0
A39: 可研 | B39: 完成评审 | C39: 每月数量 | D39: 广州局 | E39: 不变 | F39: =IF($S$1<DATE(2025,1,1)," ",COUNTIFS('2025数据'!$D$3:$D$181,">="&DATE(2025,1,1),'2025数据'!$D$3:$D$181,"<="&DATE(2025,1,31),'2025数据'!$AL$3:$AL$181,$E39)) -> 0 | G39: =IF($S$1<DATE(2025,2,1)," ",COUNTIFS('2025数据'!$D$3:$D$181,">="&DATE(2025,2,1),'2025数据'!$D$3:$D$181,"<="&DATE(2025,2,28),'2025数据'!$AL$3:$AL$181,$E39)) -> 0 | H39: =IF($S$1<DATE(2025,3,1)," ",COUNTIFS('2025数据'!$D$3:$D$181,">="&DATE(2025,3,1),'2025数据'!$D$3:$D$181,"<="&DATE(2025,3,31),'2025数据'!$AL$3:$AL$181,$E39)) -> 0 | I39: =IF($S$1<DATE(2025,4,1)," ",COUNTIFS('2025数据'!$D$3:$D$181,">="&DATE(2025,4,1),'2025数据'!$D$3:$D$181,"<="&DATE(2025,4,30),'2025数据'!$AL$3:$AL$181,$E39)) -> 0 | J39: =IF($S$1<DATE(2025,5,1)," ",COUNTIFS('2025数据'!$D$3:$D$181,">="&DATE(2025,5,1),'2025数据'!$D$3:$D$181,"<="&DATE(2025,5,31),'2025数据'!$AL$3:$AL$181,$E39)) -> 0 | K39: =IF($S$1<DATE(2025,6,1)," ",COUNTIFS('2025数据'!$D$3:$D$181,">="&DATE(2025,6,1),'2025数据'!$D$3:$D$181,"<="&DATE(2025,6,30),'2025数据'!$AL$3:$AL$181,$E39)) -> 0 | L39: =IF($S$1<DATE(2025,7,1)," ",COUNTIFS('2025数据'!$D$3:$D$181,">="&DATE(2025,7,1),'2025数据'!$D$3:$D$181,"<="&DATE(2025,7,31),'2025数据'!$AL$3:$AL$181,$E39)) -> 0 | M39: =IF($S$1<DATE(2025,8,1)," ",COUNTIFS('2025数据'!$D$3:$D$181,">="&DATE(2025,8,1),'2025数据'!$D$3:$D$181,"<="&DATE(2025,8,31),'2025数据'!$AL$3:$AL$181,$E39)) -> 0 | N39: =IF($S$1<DATE(2025,9,1)," ",COUNTIFS('2025数据'!$D$3:$D$181,">="&DATE(2025,9,1),'2025数据'!$D$3:$D$181,"<="&DATE(2025,9,30),'2025数据'!$AL$3:$AL$181,$E39)) -> 0 | O39: =IF($S$1<DATE(2025,10,1)," ",COUNTIFS('2025数据'!$D$3:$D$181,">="&DATE(2025,10,1),'2025数据'!$D$3:$D$181,"<="&DATE(2025,10,31),'2025数据'!$AL$3:$AL$181,$E39)) -> 0 | P39: =IF($S$1<DATE(2025,11,1)," ",COUNTIFS('2025数据'!$D$3:$D$181,">="&DATE(2025,11,1),'2025数据'!$D$3:$D$181,"<="&DATE(2025,11,30),'2025数据'!$AL$3:$AL$181,$E39)) -> 0 | Q39: =IF($S$1<DATE(2025,12,1)," ",COUNTIFS('2025数据'!$D$3:$D$181,">="&DATE(2025,12,1),'2025数据'!$D$3:$D$181,"<="&DATE(2025,12,31),'2025数据'!$AL$3:$AL$181,$E39)) -> 0
A40: 可研 | B40: 完成评审 | C40: 每月数量 | D40: 每月核减 | E40: 广州院 | F40: =IF($S$1<DATE(2025,1,1)," ",COUNTIFS('2025数据'!$D$3:$D$181,">="&DATE(2025,1,1),'2025数据'!$D$3:$D$181,"<="&DATE(2025,1,31),'2025数据'!$AL$3:$AL$181,$E$37,'2025数据'!$B$3:$B$181,$E40)) -> 4 | G40: =IF($S$1<DATE(2025,2,1)," ",COUNTIFS('2025数据'!$D$3:$D$181,">="&DATE(2025,2,1),'2025数据'!$D$3:$D$181,"<="&DATE(2025,2,28),'2025数据'!$AL$3:$AL$181,$E$37,'2025数据'!$B$3:$B$181,$E40)) -> 0 | H40: =IF($S$1<DATE(2025,3,1)," ",COUNTIFS('2025数据'!$D$3:$D$181,">="&DATE(2025,3,1),'2025数据'!$D$3:$D$181,"<="&DATE(2025,3,31),'2025数据'!$AL$3:$AL$181,$E$37,'2025数据'!$B$3:$B$181,$E40)) -> 0 | I40: =IF($S$1<DATE(2025,4,1)," ",COUNTIFS('2025数据'!$D$3:$D$181,">="&DATE(2025,4,1),'2025数据'!$D$3:$D$181,"<="&DATE(2025,4,30),'2025数据'!$AL$3:$AL$181,$E$37,'2025数据'!$B$3:$B$181,$E40)) -> 0 | J40: =IF($S$1<DATE(2025,5,1)," ",COUNTIFS('2025数据'!$D$3:$D$181,">="&DATE(2025,5,1),'2025数据'!$D$3:$D$181,"<="&DATE(2025,5,31),'2025数据'!$AL$3:$AL$181,$E$37,'2025数据'!$B$3:$B$181,$E40)) -> 0 | K40: =IF($S$1<DATE(2025,6,1)," ",COUNTIFS('2025数据'!$D$3:$D$181,">="&DATE(2025,6,1),'2025数据'!$D$3:$D$181,"<="&DATE(2025,6,30),'2025数据'!$AL$3:$AL$181,$E$37,'2025数据'!$B$3:$B$181,$E40)) -> 1 | L40: =IF($S$1<DATE(2025,7,1)," ",COUNTIFS('2025数据'!$D$3:$D$181,">="&DATE(2025,7,1),'2025数据'!$D$3:$D$181,"<="&DATE(2025,7,31),'2025数据'!$AL$3:$AL$181,$E$37,'2025数据'!$B$3:$B$181,$E40)) -> 1 | M40: =IF($S$1<DATE(2025,8,1)," ",COUNTIFS('2025数据'!$D$3:$D$181,">="&DATE(2025,8,1),'2025数据'!$D$3:$D$181,"<="&DATE(2025,8,31),'2025数据'!$AL$3:$AL$181,$E$37,'2025数据'!$B$3:$B$181,$E40)) -> 2 | N40: =IF($S$1<DATE(2025,9,1)," ",COUNTIFS('2025数据'!$D$3:$D$181,">="&DATE(2025,9,1),'2025数据'!$D$3:$D$181,"<="&DATE(2025,9,30),'2025数据'!$AL$3:$AL$181,$E$37,'2025数据'!$B$3:$B$181,$E40)) -> 1 | O40: =IF($S$1<DATE(2025,10,1)," ",COUNTIFS('2025数据'!$D$3:$D$181,">="&DATE(2025,10,1),'2025数据'!$D$3:$D$181,"<="&DATE(2025,10,31),'2025数据'!$AL$3:$AL$181,$E$37,'2025数据'!$B$3:$B$181,$E40)) -> 0 | P40: =IF($S$1<DATE(2025,11,1)," ",COUNTIFS('2025数据'!$D$3:$D$181,">="&DATE(2025,11,1),'2025数据'!$D$3:$D$181,"<="&DATE(2025,11,30),'2025数据'!$AL$3:$AL$181,$E$37,'2025数据'!$B$3:$B$181,$E40)) -> 2 | Q40: =IF($S$1<DATE(2025,12,1)," ",COUNTIFS('2025数据'!$D$3:$D$181,">="&DATE(2025,12,1),'2025数据'!$D$3:$D$181,"<="&DATE(2025,12,31),'2025数据'!$AL$3:$AL$181,$E$37,'2025数据'!$B$3:$B$181,$E40)) -> 0
A41: 可研 | B41: 完成评审 | C41: 每月数量 | D41: 每月核减 | E41: 工程院 | F41: =IF($S$1<DATE(2025,1,1)," ",COUNTIFS('2025数据'!$D$3:$D$181,">="&DATE(2025,1,1),'2025数据'!$D$3:$D$181,"<="&DATE(2025,1,31),'2025数据'!$AL$3:$AL$181,$E$37,'2025数据'!$B$3:$B$181,$E41)) -> 0 | G41: =IF($S$1<DATE(2025,2,1)," ",COUNTIFS('2025数据'!$D$3:$D$181,">="&DATE(2025,2,1),'2025数据'!$D$3:$D$181,"<="&DATE(2025,2,28),'2025数据'!$AL$3:$AL$181,$E$37,'2025数据'!$B$3:$B$181,$E41)) -> 0 | H41: =IF($S$1<DATE(2025,3,1)," ",COUNTIFS('2025数据'!$D$3:$D$181,">="&DATE(2025,3,1),'2025数据'!$D$3:$D$181,"<="&DATE(2025,3,31),'2025数据'!$AL$3:$AL$181,$E$37,'2025数据'!$B$3:$B$181,$E41)) -> 0 | I41: =IF($S$1<DATE(2025,4,1)," ",COUNTIFS('2025数据'!$D$3:$D$181,">="&DATE(2025,4,1),'2025数据'!$D$3:$D$181,"<="&DATE(2025,4,30),'2025数据'!$AL$3:$AL$181,$E$37,'2025数据'!$B$3:$B$181,$E41)) -> 2 | J41: =IF($S$1<DATE(2025,5,1)," ",COUNTIFS('2025数据'!$D$3:$D$181,">="&DATE(2025,5,1),'2025数据'!$D$3:$D$181,"<="&DATE(2025,5,31),'2025数据'!$AL$3:$AL$181,$E$37,'2025数据'!$B$3:$B$181,$E41)) -> 1 | K41: =IF($S$1<DATE(2025,6,1)," ",COUNTIFS('2025数据'!$D$3:$D$181,">="&DATE(2025,6,1),'2025数据'!$D$3:$D$181,"<="&DATE(2025,6,30),'2025数据'!$AL$3:$AL$181,$E$37,'2025数据'!$B$3:$B$181,$E41)) -> 0 | L41: =IF($S$1<DATE(2025,7,1)," ",COUNTIFS('2025数据'!$D$3:$D$181,">="&DATE(2025,7,1),'2025数据'!$D$3:$D$181,"<="&DATE(2025,7,31),'2025数据'!$AL$3:$AL$181,$E$37,'2025数据'!$B$3:$B$181,$E41)) -> 4 | M41: =IF($S$1<DATE(2025,8,1)," ",COUNTIFS('2025数据'!$D$3:$D$181,">="&DATE(2025,8,1),'2025数据'!$D$3:$D$181,"<="&DATE(2025,8,31),'2025数据'!$AL$3:$AL$181,$E$37,'2025数据'!$B$3:$B$181,$E41)) -> 1 | N41: =IF($S$1<DATE(2025,9,1)," ",COUNTIFS('2025数据'!$D$3:$D$181,">="&DATE(2025,9,1),'2025数据'!$D$3:$D$181,"<="&DATE(2025,9,30),'2025数据'!$AL$3:$AL$181,$E$37,'2025数据'!$B$3:$B$181,$E41)) -> 0 | O41: =IF($S$1<DATE(2025,10,1)," ",COUNTIFS('2025数据'!$D$3:$D$181,">="&DATE(2025,10,1),'2025数据'!$D$3:$D$181,"<="&DATE(2025,10,31),'2025数据'!$AL$3:$AL$181,$E$37,'2025数据'!$B$3:$B$181,$E41)) -> 0 | P41: =IF($S$1<DATE(2025,11,1)," ",COUNTIFS('2025数据'!$D$3:$D$181,">="&DATE(2025,11,1),'2025数据'!$D$3:$D$181,"<="&DATE(2025,11,30),'2025数据'!$AL$3:$AL$181,$E$37,'2025数据'!$B$3:$B$181,$E41)) -> 2 | Q41: =IF($S$1<DATE(2025,12,1)," ",COUNTIFS('2025数据'!$D$3:$D$181,">="&DATE(2025,12,1),'2025数据'!$D$3:$D$181,"<="&DATE(2025,12,31),'2025数据'!$AL$3:$AL$181,$E$37,'2025数据'!$B$3:$B$181,$E41)) -> 3
A42: 可研 | B42: 完成评审 | C42: 每月数量 | D42: 每月核减 | E42: 汇隽院 | F42: =IF($S$1<DATE(2025,1,1)," ",COUNTIFS('2025数据'!$D$3:$D$181,">="&DATE(2025,1,1),'2025数据'!$D$3:$D$181,"<="&DATE(2025,1,31),'2025数据'!$AL$3:$AL$181,$E$37,'2025数据'!$B$3:$B$181,$E42)) -> 0 | G42: =IF($S$1<DATE(2025,2,1)," ",COUNTIFS('2025数据'!$D$3:$D$181,">="&DATE(2025,2,1),'2025数据'!$D$3:$D$181,"<="&DATE(2025,2,28),'2025数据'!$AL$3:$AL$181,$E$37,'2025数据'!$B$3:$B$181,$E42)) -> 0 | H42: =IF($S$1<DATE(2025,3,1)," ",COUNTIFS('2025数据'!$D$3:$D$181,">="&DATE(2025,3,1),'2025数据'!$D$3:$D$181,"<="&DATE(2025,3,31),'2025数据'!$AL$3:$AL$181,$E$37,'2025数据'!$B$3:$B$181,$E42)) -> 0 | I42: =IF($S$1<DATE(2025,4,1)," ",COUNTIFS('2025数据'!$D$3:$D$181,">="&DATE(2025,4,1),'2025数据'!$D$3:$D$181,"<="&DATE(2025,4,30),'2025数据'!$AL$3:$AL$181,$E$37,'2025数据'!$B$3:$B$181,$E42)) -> 1 | J42: =IF($S$1<DATE(2025,5,1)," ",COUNTIFS('2025数据'!$D$3:$D$181,">="&DATE(2025,5,1),'2025数据'!$D$3:$D$181,"<="&DATE(2025,5,31),'2025数据'!$AL$3:$AL$181,$E$37,'2025数据'!$B$3:$B$181,$E42)) -> 1 | K42: =IF($S$1<DATE(2025,6,1)," ",COUNTIFS('2025数据'!$D$3:$D$181,">="&DATE(2025,6,1),'2025数据'!$D$3:$D$181,"<="&DATE(2025,6,30),'2025数据'!$AL$3:$AL$181,$E$37,'2025数据'!$B$3:$B$181,$E42)) -> 0 | L42: =IF($S$1<DATE(2025,7,1)," ",COUNTIFS('2025数据'!$D$3:$D$181,">="&DATE(2025,7,1),'2025数据'!$D$3:$D$181,"<="&DATE(2025,7,31),'2025数据'!$AL$3:$AL$181,$E$37,'2025数据'!$B$3:$B$181,$E42)) -> 0 | M42: =IF($S$1<DATE(2025,8,1)," ",COUNTIFS('2025数据'!$D$3:$D$181,">="&DATE(2025,8,1),'2025数据'!$D$3:$D$181,"<="&DATE(2025,8,31),'2025数据'!$AL$3:$AL$181,$E$37,'2025数据'!$B$3:$B$181,$E42)) -> 0 | N42: =IF($S$1<DATE(2025,9,1)," ",COUNTIFS('2025数据'!$D$3:$D$181,">="&DATE(2025,9,1),'2025数据'!$D$3:$D$181,"<="&DATE(2025,9,30),'2025数据'!$AL$3:$AL$181,$E$37,'2025数据'!$B$3:$B$181,$E42)) -> 1 | O42: =IF($S$1<DATE(2025,10,1)," ",COUNTIFS('2025数据'!$D$3:$D$181,">="&DATE(2025,10,1),'2025数据'!$D$3:$D$181,"<="&DATE(2025,10,31),'2025数据'!$AL$3:$AL$181,$E$37,'2025数据'!$B$3:$B$181,$E42)) -> 0 | P42: =IF($S$1<DATE(2025,11,1)," ",COUNTIFS('2025数据'!$D$3:$D$181,">="&DATE(2025,11,1),'2025数据'!$D$3:$D$181,"<="&DATE(2025,11,30),'2025数据'!$AL$3:$AL$181,$E$37,'2025数据'!$B$3:$B$181,$E42)) -> 2 | Q42: =IF($S$1<DATE(2025,12,1)," ",COUNTIFS('2025数据'!$D$3:$D$181,">="&DATE(2025,12,1),'2025数据'!$D$3:$D$181,"<="&DATE(2025,12,31),'2025数据'!$AL$3:$AL$181,$E$37,'2025数据'!$B$3:$B$181,$E42)) -> 0
A43: 可研 | B43: 完成评审 | C43: 每月数量 | D43: 每月核减 | E43: 省院 | F43: =IF($S$1<DATE(2025,1,1)," ",COUNTIFS('2025数据'!$D$3:$D$181,">="&DATE(2025,1,1),'2025数据'!$D$3:$D$181,"<="&DATE(2025,1,31),'2025数据'!$AL$3:$AL$181,$E$37,'2025数据'!$B$3:$B$181,$E43)) -> 0 | G43: =IF($S$1<DATE(2025,2,1)," ",COUNTIFS('2025数据'!$D$3:$D$181,">="&DATE(2025,2,1),'2025数据'!$D$3:$D$181,"<="&DATE(2025,2,28),'2025数据'!$AL$3:$AL$181,$E$37,'2025数据'!$B$3:$B$181,$E43)) -> 1 | H43: =IF($S$1<DATE(2025,3,1)," ",COUNTIFS('2025数据'!$D$3:$D$181,">="&DATE(2025,3,1),'2025数据'!$D$3:$D$181,"<="&DATE(2025,3,31),'2025数据'!$AL$3:$AL$181,$E$37,'2025数据'!$B$3:$B$181,$E43)) -> 0 | I43: =IF($S$1<DATE(2025,4,1)," ",COUNTIFS('2025数据'!$D$3:$D$181,">="&DATE(2025,4,1),'2025数据'!$D$3:$D$181,"<="&DATE(2025,4,30),'2025数据'!$AL$3:$AL$181,$E$37,'2025数据'!$B$3:$B$181,$E43)) -> 0 | J43: =IF($S$1<DATE(2025,5,1)," ",COUNTIFS('2025数据'!$D$3:$D$181,">="&DATE(2025,5,1),'2025数据'!$D$3:$D$181,"<="&DATE(2025,5,31),'2025数据'!$AL$3:$AL$181,$E$37,'2025数据'!$B$3:$B$181,$E43)) -> 0 | K43: =IF($S$1<DATE(2025,6,1)," ",COUNTIFS('2025数据'!$D$3:$D$181,">="&DATE(2025,6,1),'2025数据'!$D$3:$D$181,"<="&DATE(2025,6,30),'2025数据'!$AL$3:$AL$181,$E$37,'2025数据'!$B$3:$B$181,$E43)) -> 0 | L43: =IF($S$1<DATE(2025,7,1)," ",COUNTIFS('2025数据'!$D$3:$D$181,">="&DATE(2025,7,1),'2025数据'!$D$3:$D$181,"<="&DATE(2025,7,31),'2025数据'!$AL$3:$AL$181,$E$37,'2025数据'!$B$3:$B$181,$E43)) -> 0 | M43: =IF($S$1<DATE(2025,8,1)," ",COUNTIFS('2025数据'!$D$3:$D$181,">="&DATE(2025,8,1),'2025数据'!$D$3:$D$181,"<="&DATE(2025,8,31),'2025数据'!$AL$3:$AL$181,$E$37,'2025数据'!$B$3:$B$181,$E43)) -> 0 | N43: =IF($S$1<DATE(2025,9,1)," ",COUNTIFS('2025数据'!$D$3:$D$181,">="&DATE(2025,9,1),'2025数据'!$D$3:$D$181,"<="&DATE(2025,9,30),'2025数据'!$AL$3:$AL$181,$E$37,'2025数据'!$B$3:$B$181,$E43)) -> 0 | O43: =IF($S$1<DATE(2025,10,1)," ",COUNTIFS('2025数据'!$D$3:$D$181,">="&DATE(2025,10,1),'2025数据'!$D$3:$D$181,"<="&DATE(2025,10,31),'2025数据'!$AL$3:$AL$181,$E$37,'2025数据'!$B$3:$B$181,$E43)) -> 0 | P43: =IF($S$1<DATE(2025,11,1)," ",COUNTIFS('2025数据'!$D$3:$D$181,">="&DATE(2025,11,1),'2025数据'!$D$3:$D$181,"<="&DATE(2025,11,30),'2025数据'!$AL$3:$AL$181,$E$37,'2025数据'!$B$3:$B$181,$E43)) -> 0 | Q43: =IF($S$1<DATE(2025,12,1)," ",COUNTIFS('2025数据'!$D$3:$D$181,">="&DATE(2025,12,1),'2025数据'!$D$3:$D$181,"<="&DATE(2025,12,31),'2025数据'!$AL$3:$AL$181,$E$37,'2025数据'!$B$3:$B$181,$E43)) -> 0
A44: 可研 | B44: 完成评审 | C44: 每月数量 | D44: 每月核减 | E44: 其他 | F44: =IF($S$1<DATE(2025,1,1)," ",COUNTIFS('2025数据'!$D$3:$D$181,">="&DATE(2025,1,1),'2025数据'!$D$3:$D$181,"<="&DATE(2025,1,31),'2025数据'!$AL$3:$AL$181,$E$37,'2025数据'!$B$3:$B$181,$E44)) -> 0 | G44: =IF($S$1<DATE(2025,2,1)," ",COUNTIFS('2025数据'!$D$3:$D$181,">="&DATE(2025,2,1),'2025数据'!$D$3:$D$181,"<="&DATE(2025,2,28),'2025数据'!$AL$3:$AL$181,$E$37,'2025数据'!$B$3:$B$181,$E44)) -> 0 | H44: =IF($S$1<DATE(2025,3,1)," ",COUNTIFS('2025数据'!$D$3:$D$181,">="&DATE(2025,3,1),'2025数据'!$D$3:$D$181,"<="&DATE(2025,3,31),'2025数据'!$AL$3:$AL$181,$E$37,'2025数据'!$B$3:$B$181,$E44)) -> 0 | I44: =IF($S$1<DATE(2025,4,1)," ",COUNTIFS('2025数据'!$D$3:$D$181,">="&DATE(2025,4,1),'2025数据'!$D$3:$D$181,"<="&DATE(2025,4,30),'2025数据'!$AL$3:$AL$181,$E$37,'2025数据'!$B$3:$B$181,$E44)) -> 0 | J44: =IF($S$1<DATE(2025,5,1)," ",COUNTIFS('2025数据'!$D$3:$D$181,">="&DATE(2025,5,1),'2025数据'!$D$3:$D$181,"<="&DATE(2025,5,31),'2025数据'!$AL$3:$AL$181,$E$37,'2025数据'!$B$3:$B$181,$E44)) -> 0 | K44: =IF($S$1<DATE(2025,6,1)," ",COUNTIFS('2025数据'!$D$3:$D$181,">="&DATE(2025,6,1),'2025数据'!$D$3:$D$181,"<="&DATE(2025,6,30),'2025数据'!$AL$3:$AL$181,$E$37,'2025数据'!$B$3:$B$181,$E44)) -> 0 | L44: =IF($S$1<DATE(2025,7,1)," ",COUNTIFS('2025数据'!$D$3:$D$181,">="&DATE(2025,7,1),'2025数据'!$D$3:$D$181,"<="&DATE(2025,7,31),'2025数据'!$AL$3:$AL$181,$E$37,'2025数据'!$B$3:$B$181,$E44)) -> 0 | M44: =IF($S$1<DATE(2025,8,1)," ",COUNTIFS('2025数据'!$D$3:$D$181,">="&DATE(2025,8,1),'2025数据'!$D$3:$D$181,"<="&DATE(2025,8,31),'2025数据'!$AL$3:$AL$181,$E$37,'2025数据'!$B$3:$B$181,$E44)) -> 0 | N44: =IF($S$1<DATE(2025,9,1)," ",COUNTIFS('2025数据'!$D$3:$D$181,">="&DATE(2025,9,1),'2025数据'!$D$3:$D$181,"<="&DATE(2025,9,30),'2025数据'!$AL$3:$AL$181,$E$37,'2025数据'!$B$3:$B$181,$E44)) -> 0 | O44: =IF($S$1<DATE(2025,10,1)," ",COUNTIFS('2025数据'!$D$3:$D$181,">="&DATE(2025,10,1),'2025数据'!$D$3:$D$181,"<="&DATE(2025,10,31),'2025数据'!$AL$3:$AL$181,$E$37,'2025数据'!$B$3:$B$181,$E44)) -> 0 | P44: =IF($S$1<DATE(2025,11,1)," ",COUNTIFS('2025数据'!$D$3:$D$181,">="&DATE(2025,11,1),'2025数据'!$D$3:$D$181,"<="&DATE(2025,11,30),'2025数据'!$AL$3:$AL$181,$E$37,'2025数据'!$B$3:$B$181,$E44)) -> 0 | Q44: =IF($S$1<DATE(2025,12,1)," ",COUNTIFS('2025数据'!$D$3:$D$181,">="&DATE(2025,12,1),'2025数据'!$D$3:$D$181,"<="&DATE(2025,12,31),'2025数据'!$AL$3:$AL$181,$E$37,'2025数据'!$B$3:$B$181,$E44)) -> 0
A45: 可研 | B45: 完成评审 | C45: 每月数量 | D45: 每月核增 | E45: 广州院 | F45: =IF($S$1<DATE(2025,1,1)," ",COUNTIFS('2025数据'!$D$3:$D$181,">="&DATE(2025,1,1),'2025数据'!$D$3:$D$181,"<="&DATE(2025,1,31),'2025数据'!$AL$3:$AL$181,$E$38,'2025数据'!$B$3:$B$181,$E45)) -> 0 | G45: =IF($S$1<DATE(2025,2,1)," ",COUNTIFS('2025数据'!$D$3:$D$181,">="&DATE(2025,2,1),'2025数据'!$D$3:$D$181,"<="&DATE(2025,2,28),'2025数据'!$AL$3:$AL$181,$E$38,'2025数据'!$B$3:$B$181,$E45)) -> 0 | H45: =IF($S$1<DATE(2025,3,1)," ",COUNTIFS('2025数据'!$D$3:$D$181,">="&DATE(2025,3,1),'2025数据'!$D$3:$D$181,"<="&DATE(2025,3,31),'2025数据'!$AL$3:$AL$181,$E$38,'2025数据'!$B$3:$B$181,$E45)) -> 0 | I45: =IF($S$1<DATE(2025,4,1)," ",COUNTIFS('2025数据'!$D$3:$D$181,">="&DATE(2025,4,1),'2025数据'!$D$3:$D$181,"<="&DATE(2025,4,30),'2025数据'!$AL$3:$AL$181,$E$38,'2025数据'!$B$3:$B$181,$E45)) -> 2 | J45: =IF($S$1<DATE(2025,5,1)," ",COUNTIFS('2025数据'!$D$3:$D$181,">="&DATE(2025,5,1),'2025数据'!$D$3:$D$181,"<="&DATE(2025,5,31),'2025数据'!$AL$3:$AL$181,$E$38,'2025数据'!$B$3:$B$181,$E45)) -> 1 | K45: =IF($S$1<DATE(2025,6,1)," ",COUNTIFS('2025数据'!$D$3:$D$181,">="&DATE(2025,6,1),'2025数据'!$D$3:$D$181,"<="&DATE(2025,6,30),'2025数据'!$AL$3:$AL$181,$E$38,'2025数据'!$B$3:$B$181,$E45)) -> 0 | L45: =IF($S$1<DATE(2025,7,1)," ",COUNTIFS('2025数据'!$D$3:$D$181,">="&DATE(2025,7,1),'2025数据'!$D$3:$D$181,"<="&DATE(2025,7,31),'2025数据'!$AL$3:$AL$181,$E$38,'2025数据'!$B$3:$B$181,$E45)) -> 0 | M45: =IF($S$1<DATE(2025,8,1)," ",COUNTIFS('2025数据'!$D$3:$D$181,">="&DATE(2025,8,1),'2025数据'!$D$3:$D$181,"<="&DATE(2025,8,31),'2025数据'!$AL$3:$AL$181,$E$38,'2025数据'!$B$3:$B$181,$E45)) -> 0 | N45: =IF($S$1<DATE(2025,9,1)," ",COUNTIFS('2025数据'!$D$3:$D$181,">="&DATE(2025,9,1),'2025数据'!$D$3:$D$181,"<="&DATE(2025,9,30),'2025数据'!$AL$3:$AL$181,$E$38,'2025数据'!$B$3:$B$181,$E45)) -> 1 | O45: =IF($S$1<DATE(2025,10,1)," ",COUNTIFS('2025数据'!$D$3:$D$181,">="&DATE(2025,10,1),'2025数据'!$D$3:$D$181,"<="&DATE(2025,10,31),'2025数据'!$AL$3:$AL$181,$E$38,'2025数据'!$B$3:$B$181,$E45)) -> 1 | P45: =IF($S$1<DATE(2025,11,1)," ",COUNTIFS('2025数据'!$D$3:$D$181,">="&DATE(2025,11,1),'2025数据'!$D$3:$D$181,"<="&DATE(2025,11,30),'2025数据'!$AL$3:$AL$181,$E$38,'2025数据'!$B$3:$B$181,$E45)) -> 0 | Q45: =IF($S$1<DATE(2025,12,1)," ",COUNTIFS('2025数据'!$D$3:$D$181,">="&DATE(2025,12,1),'2025数据'!$D$3:$D$181,"<="&DATE(2025,12,31),'2025数据'!$AL$3:$AL$181,$E$38,'2025数据'!$B$3:$B$181,$E45)) -> 0
A46: 可研 | B46: 完成评审 | C46: 每月数量 | D46: 每月核增 | E46: 工程院 | F46: =IF($S$1<DATE(2025,1,1)," ",COUNTIFS('2025数据'!$D$3:$D$181,">="&DATE(2025,1,1),'2025数据'!$D$3:$D$181,"<="&DATE(2025,1,31),'2025数据'!$AL$3:$AL$181,$E$38,'2025数据'!$B$3:$B$181,$E46)) -> 0 | G46: =IF($S$1<DATE(2025,2,1)," ",COUNTIFS('2025数据'!$D$3:$D$181,">="&DATE(2025,2,1),'2025数据'!$D$3:$D$181,"<="&DATE(2025,2,28),'2025数据'!$AL$3:$AL$181,$E$38,'2025数据'!$B$3:$B$181,$E46)) -> 1 | H46: =IF($S$1<DATE(2025,3,1)," ",COUNTIFS('2025数据'!$D$3:$D$181,">="&DATE(2025,3,1),'2025数据'!$D$3:$D$181,"<="&DATE(2025,3,31),'2025数据'!$AL$3:$AL$181,$E$38,'2025数据'!$B$3:$B$181,$E46)) -> 1 | I46: =IF($S$1<DATE(2025,4,1)," ",COUNTIFS('2025数据'!$D$3:$D$181,">="&DATE(2025,4,1),'2025数据'!$D$3:$D$181,"<="&DATE(2025,4,30),'2025数据'!$AL$3:$AL$181,$E$38,'2025数据'!$B$3:$B$181,$E46)) -> 0 | J46: =IF($S$1<DATE(2025,5,1)," ",COUNTIFS('2025数据'!$D$3:$D$181,">="&DATE(2025,5,1),'2025数据'!$D$3:$D$181,"<="&DATE(2025,5,31),'2025数据'!$AL$3:$AL$181,$E$38,'2025数据'!$B$3:$B$181,$E46)) -> 1 | K46: =IF($S$1<DATE(2025,6,1)," ",COUNTIFS('2025数据'!$D$3:$D$181,">="&DATE(2025,6,1),'2025数据'!$D$3:$D$181,"<="&DATE(2025,6,30),'2025数据'!$AL$3:$AL$181,$E$38,'2025数据'!$B$3:$B$181,$E46)) -> 1 | L46: =IF($S$1<DATE(2025,7,1)," ",COUNTIFS('2025数据'!$D$3:$D$181,">="&DATE(2025,7,1),'2025数据'!$D$3:$D$181,"<="&DATE(2025,7,31),'2025数据'!$AL$3:$AL$181,$E$38,'2025数据'!$B$3:$B$181,$E46)) -> 1 | M46: =IF($S$1<DATE(2025,8,1)," ",COUNTIFS('2025数据'!$D$3:$D$181,">="&DATE(2025,8,1),'2025数据'!$D$3:$D$181,"<="&DATE(2025,8,31),'2025数据'!$AL$3:$AL$181,$E$38,'2025数据'!$B$3:$B$181,$E46)) -> 0 | N46: =IF($S$1<DATE(2025,9,1)," ",COUNTIFS('2025数据'!$D$3:$D$181,">="&DATE(2025,9,1),'2025数据'!$D$3:$D$181,"<="&DATE(2025,9,30),'2025数据'!$AL$3:$AL$181,$E$38,'2025数据'!$B$3:$B$181,$E46)) -> 1 | O46: =IF($S$1<DATE(2025,10,1)," ",COUNTIFS('2025数据'!$D$3:$D$181,">="&DATE(2025,10,1),'2025数据'!$D$3:$D$181,"<="&DATE(2025,10,31),'2025数据'!$AL$3:$AL$181,$E$38,'2025数据'!$B$3:$B$181,$E46)) -> 0 | P46: =IF($S$1<DATE(2025,11,1)," ",COUNTIFS('2025数据'!$D$3:$D$181,">="&DATE(2025,11,1),'2025数据'!$D$3:$D$181,"<="&DATE(2025,11,30),'2025数据'!$AL$3:$AL$181,$E$38,'2025数据'!$B$3:$B$181,$E46)) -> 0 | Q46: =IF($S$1<DATE(2025,12,1)," ",COUNTIFS('2025数据'!$D$3:$D$181,">="&DATE(2025,12,1),'2025数据'!$D$3:$D$181,"<="&DATE(2025,12,31),'2025数据'!$AL$3:$AL$181,$E$38,'2025数据'!$B$3:$B$181,$E46)) -> 0
A47: 可研 | B47: 完成评审 | C47: 每月数量 | D47: 每月核增 | E47: 汇隽院 | F47: =IF($S$1<DATE(2025,1,1)," ",COUNTIFS('2025数据'!$D$3:$D$181,">="&DATE(2025,1,1),'2025数据'!$D$3:$D$181,"<="&DATE(2025,1,31),'2025数据'!$AL$3:$AL$181,$E$38,'2025数据'!$B$3:$B$181,$E47)) -> 0 | G47: =IF($S$1<DATE(2025,2,1)," ",COUNTIFS('2025数据'!$D$3:$D$181,">="&DATE(2025,2,1),'2025数据'!$D$3:$D$181,"<="&DATE(2025,2,28),'2025数据'!$AL$3:$AL$181,$E$38,'2025数据'!$B$3:$B$181,$E47)) -> 0 | H47: =IF($S$1<DATE(2025,3,1)," ",COUNTIFS('2025数据'!$D$3:$D$181,">="&DATE(2025,3,1),'2025数据'!$D$3:$D$181,"<="&DATE(2025,3,31),'2025数据'!$AL$3:$AL$181,$E$38,'2025数据'!$B$3:$B$181,$E47)) -> 0 | I47: =IF($S$1<DATE(2025,4,1)," ",COUNTIFS('2025数据'!$D$3:$D$181,">="&DATE(2025,4,1),'2025数据'!$D$3:$D$181,"<="&DATE(2025,4,30),'2025数据'!$AL$3:$AL$181,$E$38,'2025数据'!$B$3:$B$181,$E47)) -> 0 | J47: =IF($S$1<DATE(2025,5,1)," ",COUNTIFS('2025数据'!$D$3:$D$181,">="&DATE(2025,5,1),'2025数据'!$D$3:$D$181,"<="&DATE(2025,5,31),'2025数据'!$AL$3:$AL$181,$E$38,'2025数据'!$B$3:$B$181,$E47)) -> 1 | K47: =IF($S$1<DATE(2025,6,1)," ",COUNTIFS('2025数据'!$D$3:$D$181,">="&DATE(2025,6,1),'2025数据'!$D$3:$D$181,"<="&DATE(2025,6,30),'2025数据'!$AL$3:$AL$181,$E$38,'2025数据'!$B$3:$B$181,$E47)) -> 0 | L47: =IF($S$1<DATE(2025,7,1)," ",COUNTIFS('2025数据'!$D$3:$D$181,">="&DATE(2025,7,1),'2025数据'!$D$3:$D$181,"<="&DATE(2025,7,31),'2025数据'!$AL$3:$AL$181,$E$38,'2025数据'!$B$3:$B$181,$E47)) -> 0 | M47: =IF($S$1<DATE(2025,8,1)," ",COUNTIFS('2025数据'!$D$3:$D$181,">="&DATE(2025,8,1),'2025数据'!$D$3:$D$181,"<="&DATE(2025,8,31),'2025数据'!$AL$3:$AL$181,$E$38,'2025数据'!$B$3:$B$181,$E47)) -> 1 | N47: =IF($S$1<DATE(2025,9,1)," ",COUNTIFS('2025数据'!$D$3:$D$181,">="&DATE(2025,9,1),'2025数据'!$D$3:$D$181,"<="&DATE(2025,9,30),'2025数据'!$AL$3:$AL$181,$E$38,'2025数据'!$B$3:$B$181,$E47)) -> 0 | O47: =IF($S$1<DATE(2025,10,1)," ",COUNTIFS('2025数据'!$D$3:$D$181,">="&DATE(2025,10,1),'2025数据'!$D$3:$D$181,"<="&DATE(2025,10,31),'2025数据'!$AL$3:$AL$181,$E$38,'2025数据'!$B$3:$B$181,$E47)) -> 0 | P47: =IF($S$1<DATE(2025,11,1)," ",COUNTIFS('2025数据'!$D$3:$D$181,">="&DATE(2025,11,1),'2025数据'!$D$3:$D$181,"<="&DATE(2025,11,30),'2025数据'!$AL$3:$AL$181,$E$38,'2025数据'!$B$3:$B$181,$E47)) -> 0 | Q47: =IF($S$1<DATE(2025,12,1)," ",COUNTIFS('2025数据'!$D$3:$D$181,">="&DATE(2025,12,1),'2025数据'!$D$3:$D$181,"<="&DATE(2025,12,31),'2025数据'!$AL$3:$AL$181,$E$38,'2025数据'!$B$3:$B$181,$E47)) -> 0
A48: 可研 | B48: 完成评审 | C48: 每月数量 | D48: 每月核增 | E48: 省院 | F48: =IF($S$1<DATE(2025,1,1)," ",COUNTIFS('2025数据'!$D$3:$D$181,">="&DATE(2025,1,1),'2025数据'!$D$3:$D$181,"<="&DATE(2025,1,31),'2025数据'!$AL$3:$AL$181,$E$38,'2025数据'!$B$3:$B$181,$E48)) -> 0 | G48: =IF($S$1<DATE(2025,2,1)," ",COUNTIFS('2025数据'!$D$3:$D$181,">="&DATE(2025,2,1),'2025数据'!$D$3:$D$181,"<="&DATE(2025,2,28),'2025数据'!$AL$3:$AL$181,$E$38,'2025数据'!$B$3:$B$181,$E48)) -> 0 | H48: =IF($S$1<DATE(2025,3,1)," ",COUNTIFS('2025数据'!$D$3:$D$181,">="&DATE(2025,3,1),'2025数据'!$D$3:$D$181,"<="&DATE(2025,3,31),'2025数据'!$AL$3:$AL$181,$E$38,'2025数据'!$B$3:$B$181,$E48)) -> 0 | I48: =IF($S$1<DATE(2025,4,1)," ",COUNTIFS('2025数据'!$D$3:$D$181,">="&DATE(2025,4,1),'2025数据'!$D$3:$D$181,"<="&DATE(2025,4,30),'2025数据'!$AL$3:$AL$181,$E$38,'2025数据'!$B$3:$B$181,$E48)) -> 0 | J48: =IF($S$1<DATE(2025,5,1)," ",COUNTIFS('2025数据'!$D$3:$D$181,">="&DATE(2025,5,1),'2025数据'!$D$3:$D$181,"<="&DATE(2025,5,31),'2025数据'!$AL$3:$AL$181,$E$38,'2025数据'!$B$3:$B$181,$E48)) -> 0 | K48: =IF($S$1<DATE(2025,6,1)," ",COUNTIFS('2025数据'!$D$3:$D$181,">="&DATE(2025,6,1),'2025数据'!$D$3:$D$181,"<="&DATE(2025,6,30),'2025数据'!$AL$3:$AL$181,$E$38,'2025数据'!$B$3:$B$181,$E48)) -> 0 | L48: =IF($S$1<DATE(2025,7,1)," ",COUNTIFS('2025数据'!$D$3:$D$181,">="&DATE(2025,7,1),'2025数据'!$D$3:$D$181,"<="&DATE(2025,7,31),'2025数据'!$AL$3:$AL$181,$E$38,'2025数据'!$B$3:$B$181,$E48)) -> 0 | M48: =IF($S$1<DATE(2025,8,1)," ",COUNTIFS('2025数据'!$D$3:$D$181,">="&DATE(2025,8,1),'2025数据'!$D$3:$D$181,"<="&DATE(2025,8,31),'2025数据'!$AL$3:$AL$181,$E$38,'2025数据'!$B$3:$B$181,$E48)) -> 0 | N48: =IF($S$1<DATE(2025,9,1)," ",COUNTIFS('2025数据'!$D$3:$D$181,">="&DATE(2025,9,1),'2025数据'!$D$3:$D$181,"<="&DATE(2025,9,30),'2025数据'!$AL$3:$AL$181,$E$38,'2025数据'!$B$3:$B$181,$E48)) -> 0 | O48: =IF($S$1<DATE(2025,10,1)," ",COUNTIFS('2025数据'!$D$3:$D$181,">="&DATE(2025,10,1),'2025数据'!$D$3:$D$181,"<="&DATE(2025,10,31),'2025数据'!$AL$3:$AL$181,$E$38,'2025数据'!$B$3:$B$181,$E48)) -> 0 | P48: =IF($S$1<DATE(2025,11,1)," ",COUNTIFS('2025数据'!$D$3:$D$181,">="&DATE(2025,11,1),'2025数据'!$D$3:$D$181,"<="&DATE(2025,11,30),'2025数据'!$AL$3:$AL$181,$E$38,'2025数据'!$B$3:$B$181,$E48)) -> 0 | Q48: =IF($S$1<DATE(2025,12,1)," ",COUNTIFS('2025数据'!$D$3:$D$181,">="&DATE(2025,12,1),'2025数据'!$D$3:$D$181,"<="&DATE(2025,12,31),'2025数据'!$AL$3:$AL$181,$E$38,'2025数据'!$B$3:$B$181,$E48)) -> 0
A49: 可研 | B49: 完成评审 | C49: 每月数量 | D49: 每月核增 | E49: 其他 | F49: =IF($S$1<DATE(2025,1,1)," ",COUNTIFS('2025数据'!$D$3:$D$181,">="&DATE(2025,1,1),'2025数据'!$D$3:$D$181,"<="&DATE(2025,1,31),'2025数据'!$AL$3:$AL$181,$E$38,'2025数据'!$B$3:$B$181,$E49)) -> 0 | G49: =IF($S$1<DATE(2025,2,1)," ",COUNTIFS('2025数据'!$D$3:$D$181,">="&DATE(2025,2,1),'2025数据'!$D$3:$D$181,"<="&DATE(2025,2,28),'2025数据'!$AL$3:$AL$181,$E$38,'2025数据'!$B$3:$B$181,$E49)) -> 0 | H49: =IF($S$1<DATE(2025,3,1)," ",COUNTIFS('2025数据'!$D$3:$D$181,">="&DATE(2025,3,1),'2025数据'!$D$3:$D$181,"<="&DATE(2025,3,31),'2025数据'!$AL$3:$AL$181,$E$38,'2025数据'!$B$3:$B$181,$E49)) -> 0 | I49: =IF($S$1<DATE(2025,4,1)," ",COUNTIFS('2025数据'!$D$3:$D$181,">="&DATE(2025,4,1),'2025数据'!$D$3:$D$181,"<="&DATE(2025,4,30),'2025数据'!$AL$3:$AL$181,$E$38,'2025数据'!$B$3:$B$181,$E49)) -> 0 | J49: =IF($S$1<DATE(2025,5,1)," ",COUNTIFS('2025数据'!$D$3:$D$181,">="&DATE(2025,5,1),'2025数据'!$D$3:$D$181,"<="&DATE(2025,5,31),'2025数据'!$AL$3:$AL$181,$E$38,'2025数据'!$B$3:$B$181,$E49)) -> 0 | K49: =IF($S$1<DATE(2025,6,1)," ",COUNTIFS('2025数据'!$D$3:$D$181,">="&DATE(2025,6,1),'2025数据'!$D$3:$D$181,"<="&DATE(2025,6,30),'2025数据'!$AL$3:$AL$181,$E$38,'2025数据'!$B$3:$B$181,$E49)) -> 0 | L49: =IF($S$1<DATE(2025,7,1)," ",COUNTIFS('2025数据'!$D$3:$D$181,">="&DATE(2025,7,1),'2025数据'!$D$3:$D$181,"<="&DATE(2025,7,31),'2025数据'!$AL$3:$AL$181,$E$38,'2025数据'!$B$3:$B$181,$E49)) -> 0 | M49: =IF($S$1<DATE(2025,8,1)," ",COUNTIFS('2025数据'!$D$3:$D$181,">="&DATE(2025,8,1),'2025数据'!$D$3:$D$181,"<="&DATE(2025,8,31),'2025数据'!$AL$3:$AL$181,$E$38,'2025数据'!$B$3:$B$181,$E49)) -> 0 | N49: =IF($S$1<DATE(2025,9,1)," ",COUNTIFS('2025数据'!$D$3:$D$181,">="&DATE(2025,9,1),'2025数据'!$D$3:$D$181,"<="&DATE(2025,9,30),'2025数据'!$AL$3:$AL$181,$E$38,'2025数据'!$B$3:$B$181,$E49)) -> 0 | O49: =IF($S$1<DATE(2025,10,1)," ",COUNTIFS('2025数据'!$D$3:$D$181,">="&DATE(2025,10,1),'2025数据'!$D$3:$D$181,"<="&DATE(2025,10,31),'2025数据'!$AL$3:$AL$181,$E$38,'2025数据'!$B$3:$B$181,$E49)) -> 0 | P49: =IF($S$1<DATE(2025,11,1)," ",COUNTIFS('2025数据'!$D$3:$D$181,">="&DATE(2025,11,1),'2025数据'!$D$3:$D$181,"<="&DATE(2025,11,30),'2025数据'!$AL$3:$AL$181,$E$38,'2025数据'!$B$3:$B$181,$E49)) -> 0 | Q49: =IF($S$1<DATE(2025,12,1)," ",COUNTIFS('2025数据'!$D$3:$D$181,">="&DATE(2025,12,1),'2025数据'!$D$3:$D$181,"<="&DATE(2025,12,31),'2025数据'!$AL$3:$AL$181,$E$38,'2025数据'!$B$3:$B$181,$E49)) -> 0
